{
"Aalp": [
0.0,
0.0,
0.0
],
"B": [
0.1281992281926,
0.2,
111.501345333114,
0.100001,
1.0,
55.893972004290596,
0.0
],
"DLL": [
0.0,
0.0,
0.0,
0.0,
0.0,
0.0,
0.0,
0.0,
0.0,
0.0,
0.0,
0.0,
0.0,
0.0,
0.0,
0.0,
0.0,
0.0,
0.0
],
"DUL": [
1000000.0,
1000000.0,
1000000.0,
1000000.0,
1000000.0,
1000000.0,
1000000.0,
1000000.0,
1000000.0,
1000000.0,
1000000.0,
1000000.0,
1000000.0,
1000000.0,
1000000.0,
1000000.0,
1000000.0,
1000000.0,
1000000.0
],
"FIa": 0,
"FIat": 0,
"ID_key": "Kaolinite G  pHtitr      0    0       1       25      0   ",
"Lads": 0,
"LsESmo": [
0,
0,
0,
0,
0,
0,
0,
0
],
"LsISmo": [
0,
0,
0,
0,
0,
0,
0,
0
],
"LsKin": [
0,
0,
0,
0,
0,
0,
0,
0,
0,
0,
0,
0,
0,
0,
0,
0,
0,
0
],
"LsMdc": [
0,
0,
0,
0,
0,
0
],
"LsMdc2": [
0,
0,
0,
0,
0,
0
],
"LsMod": [
2,
0,
4,
0,
0,
0
],
"LsPhl": [
0,
0,
0,
0,
0,
0
],
"LsUpt": [
0,
0,
0,
0
],
"PAalp": "+",
"PMc": [
0.0,
0.0,
0.0,
0.5,
0.0,
0.0,
0.0,
0.0
],
"PSOL": 0,
"PSigm": "+",
"PV": 1,
"PfFact": [
1.0,
1.0,
1.0
],
"Pparc": [
1.0,
1.0,
1.0,
1.0,
1.0,
1.0,
1.0,
1.0,
1.0,
1.0,
1.0,
1.0,
1.0,
1.0,
1.0,
1.0,
1.0,
1.0,
1.0
],
"RLC": [
"B",
"B",
"B",
"B",
"B",
"B",
"B",
"B",
"B",
"B",
"B",
"B",
"B",
"B",
"B",
"B",
"B",
"B",
"B"
],
"RSC": [
"M",
"M",
"M",
"M",
"M",
"M",
"M",
"M",
"M",
"M",
"M",
"M",
"M",
"M",
"M",
"M",
"M",
"M",
"M"
],
"Sigg": [
0.0,
0.0,
0.0
],
"Sigw": [
0.0,
0.0,
0.0
],
"SorMc": [
0.0,
0.0,
0.0,
0.0,
0.0,
0.0,
0.0,
0.0,
0.0,
0.0,
0.0,
0.0,
0.0,
0.0,
0.0,
0.0,
0.0,
0.0,
0.0,
0.0,
0.0,
0.0,
0.0,
0.0,
0.0,
0.0,
0.0,
0.0,
0.0,
0.0,
0.0,
0.0
],
"YOF": [
0.0,
0.0,
0.0
],
"dcMod": [
"HKF",
"HKF",
"HKF",
"HKF",
"HKF",
"HKF",
"HKF",
"HKF",
"HKF",
"HKF",
"HKF",
"HKF",
"HKF",
"HKF",
"HWF",
"CSN",
"CSN",
"CSN",
"CSC"
],
"fDQF": [
0.0,
0.0,
0.0,
0.0,
0.0,
0.0,
0.0,
0.0,
0.0,
0.0,
0.0,
0.0,
0.0,
0.0,
0.0,
0.0,
0.0,
0.0,
0.0
],
"kMod": [
"NNNNNN",
"NNNNNN",
"NNNNNN"
],
"lnGmf": [
0.0,
0.0,
0.0,
0.0,
0.0,
0.0,
0.0,
0.0,
0.0,
0.0,
0.0,
0.0,
0.0,
0.0,
0.0,
0.0,
0.0,
0.0,
0.0
],
"pKin": 1,
"pa_AG": 1.0,
"pa_DB": 1e-17,
"pa_DF": 0.01,
"pa_DFM": 0.01,
"pa_DFYaq": 1e-05,
"pa_DFYc": 1e-05,
"pa_DFYh": 1e-05,
"pa_DFYid": 1e-05,
"pa_DFYr": 1e-05,
"pa_DFYs": 1e-06,
"pa_DFYw": 1e-05,
"pa_DG": 1000.0,
"pa_DGC": 0.0,
"pa_DHB": 1e-15,
"pa_DK": 1e-06,
"pa_DKIN": 1e-10,
"pa_DNS": 12.05,
"pa_DP": 130,
"pa_DS": 1e-20,
"pa_DT": 0,
"pa_DW": 1,
"pa_DcMin": 1e-33,
"pa_EPS": 1e-10,
"pa_GAH": 1000.0,
"pa_GAR": 1.0,
"pa_GAS": 0.001,
"pa_ICmin": 1e-05,
"pa_IEPS": 0.001,
"pa_IIM": 1000,
"pa_PC": 2,
"pa_PD": 2,
"pa_PE": 1,
"pa_PLLG": 30000,
"pa_PRD": -5,
"pa_PSM": 1,
"pa_PhMin": 1e-20,
"pa_ScMin": 1e-13,
"pa_XwMin": 1e-13,
"sMod": [
"DNNSNNNN",
"INNINNNN"
],
"tMin": 0
}