{
"NodeHandle": 0,
"NodeTypeHY": 0,
"NodeTypeMT": 0,
"NodeStatusFMT": 1,
"NodeStatusCH": 1,
"IterDone": 0,
"TK": 298.15,
"P": 100000,
"Vs": 0.0134071514789934,
"Vi": 0,
"Ms": 1.05079506831238,
"Mi": 0,
"Hs": 0,
"Hi": 0,
"Gs": -5508.67043864018,
"IS": 0.122980107133642,
"pH": 11.9990459100261,
"pe": 8.02773800110635,
"Eh": 0.473960495281007,
"Tm": 0,
"dt": 0,
"Dif": 0,
"Vt": 0,
"vp": 0,
"eps": 0,
"Km": 0,
"Kf": 0,
"S": 0,
"Tr": 0,
"h": 0,
"rho": 0,
"al": 0,
"at": 0,
"av": 0,
"hDl": 0,
"hDt": 0,
"hDv": 0,
"nto": 0,
"bIC": [
0.232413571233674, 0.100000001, 111.504777690937, 0.123203889823448, 1, 56.5784382891981, 0.232413571233674, 0
],
"rMB": [
5.55111512312578e-17, 0, -5.99520433297585e-15, 0, 0, 2.66453525910038e-15, 5.55111512312578e-17, 1.84587490006309e-17
],
"uIC": [
-314.080628706551, -37.041826666309, -46.113374188291, -126.486932145289, -0.000499087098568609, -3.45504090039828, -340.096827629716, 18.4845498902537
],
"bSP": [
0.227600739793658, 0, 0.455201579587316, 0, 0, 1.02420317907146, 0.227600639793656, 0
],
"xDC": [
8.26203162413488e-21, 8.6623307646275e-15, 9.60953773083625e-09, 0.00445617067399198, 2.79530224823504e-27, 0.00035665115647789, 5.85655407980148e-23, 0.000619344649829053, 0.122584545173618, 0.00402370453170038, 
2.01056738782523e-05, 0.000412470077960927, 3.10793402476138e-29, 0.100000001, 0.000649050167949189, 0, 1.3119217816844e-06, 0.012923077656838, 1.30292887461023e-12, 55.5160049874502, 
0, 0.499350949832051, 0.000498688078222187, 1.00000001168554e-07, 0.113800319896828, 0, 0
],
"gam": [
0.350246037801986, 0.769290071705878, 0.999990236523962, 0.769290071705878, 0.0943724152561034, 0.769290071705878, 0.350246037801986, 0.999990236523962, 0.769290071705878, 0.769290071705878, 
0.999990236523962, 0.350246037801986, 0.769290071705878, 0.769290071705878, 0.999990236523962, 0.999990236523962, 0.999990236523962, 0.769290071705878, 0.769290071705878, 0.9999804443172, 
1, 1, 1, 1, 1, 1, 1
],
"dll": [
0, 0, 0, 0, 0, 0, 0, 0, 0, 0, 
0, 0, 0, 0, 0, 0, 0, 0, 0, 0, 
0, 0, 0, 0, 0, 0, 0
],
"dul": [
1000000, 1000000, 1000000, 1000000, 1000000, 1000000, 1000000, 1000000, 1000000, 1000000, 
1000000, 1000000, 1000000, 1000000, 1000000, 1000000, 1000000, 1000000, 1000000, 1000000, 
1000000, 1000000, 1000000, 1.0000000116861e-07, 1000000, 0, 1000000
],
"aPH": [
0, 0, 0, 0, 0, 0
],
"xPH": [
55.7620514297451, 0.499849637910273, 1.00000001168554e-07, 0.113800319896828, 0, 0
],
"vPS": [
0.00100471820233654, 0.0123911283496654
],
"mPS": [
1.00741183998576, 0.0140044748808823
],
"xPA": [
55.5160049874502, 0
],
"amru": [
1000000, 1000000
],
"amrl": [
0, 0
],
"omPH": [
-1.93669404946332e-10, 5.14391557205808e-12, 0.657522624764811, 3.9157977802399e-08, -0.95074625305477, -1.98274529649301
],
"bPS": [
0.00481283144001626, 0.100000001, 111.04957611135, 0.123203889823448, 0.00129810033589838, 55.5532377339702, 0.00481293144001745, -1.84587490006309e-17, 
0, 0, 0, 0, 0.998701899664102, 0.000997376156444373, 0, 0
]
}
