{
"NodeHandle": 0,
"NodeTypeHY": 0,
"NodeTypeMT": 0,
"NodeStatusFMT": 1,
"NodeStatusCH": 1,
"IterDone": 0,
"TK": 298.15,
"P": 100000,
"Vs": 0.013407245112488,
"Vi": 0,
"Ms": 1.04995562122526,
"Mi": 0,
"Hs": 0,
"Hi": 0,
"Gs": -5504.9553453916,
"IS": 0.102166412095914,
"pH": 11.0006664803693,
"pe": 9.02595653525099,
"Eh": 0.532895671139595,
"Tm": 0,
"dt": 0,
"Dif": 0,
"Vt": 0,
"vp": 0,
"eps": 0,
"Km": 0,
"Kf": 0,
"S": 0,
"Tr": 0,
"h": 0,
"rho": 0,
"al": 0,
"at": 0,
"av": 0,
"hDl": 0,
"hDt": 0,
"hDv": 0,
"nto": 0,
"bIC": [
0.232413571233674, 0.100000001, 111.48379001817, 0.10221621705673, 1, 56.5574506164314, 0.232413571233674, 0
],
"rMB": [
2.77555756156289e-17, 0, -6.99440505513849e-15, -1.38777878078145e-17, 0, -6.66133814775094e-15, 2.77555756156289e-17, 1.61080620201211e-17
],
"uIC": [
-314.102710052845, -34.7300556676793, -46.1130037126822, -128.954352127826, -0.000499087314204371, -3.45504081653857, -340.075487626412, 20.783033011306
],
"bSP": [
0.231946337278913, 0, 0.463892774557827, 0, 0, 1.04375836775511, 0.231946237278912, 0
],
"xDC": [
7.60567835195111e-19, 8.32658165041223e-14, 9.40186889849095e-09, 0.000431910143731208, 2.39859211673695e-24, 3.53144090775737e-05, 5.50754098547476e-21, 5.25382086514589e-05, 0.102163678848079, 0.000407452453393532, 
2.05365892992409e-05, 4.03050299178239e-06, 3.10793522735234e-29, 0.100000001, 0.000648967123512525, 0, 1.31175405247521e-06, 0.00128093984878507, 1.28087706922465e-11, 55.5090781518435, 
0, 0.499351032876487, 0.000498688245949334, 1.0000000116861e-07, 0.115973118639456, 0, 0
],
"gam": [
0.369178158207698, 0.779483251989882, 0.999993210924539, 0.779483251989882, 0.106239173390156, 0.779483251989882, 0.369178158207698, 0.999993210924539, 0.779483251989882, 0.779483251989882, 
0.999993210924539, 0.369178158207698, 0.779483251989882, 0.779483251989882, 0.999993210924539, 0.999993210924539, 0.999993210924539, 0.779483251989882, 0.779483251989882, 0.999986405186717, 
1, 1, 1, 1, 1, 1, 1
],
"dll": [
0, 0, 0, 0, 0, 0, 0, 0, 0, 0, 
0, 0, 0, 0, 0, 0, 0, 0, 0, 0, 
0, 0, 0, 0, 0, 0, 0
],
"dul": [
1000000, 1000000, 1000000, 1000000, 1000000, 1000000, 1000000, 1000000, 1000000, 1000000, 
1000000, 1000000, 1000000, 1000000, 1000000, 1000000, 1000000, 1000000, 1000000, 1000000, 
1000000, 1000000, 1000000, 1.0000000116861e-07, 1000000, 0, 1000000
],
"aPH": [
0, 0, 0, 0, 0, 0
],
"xPH": [
55.7141248421398, 0.499849721122437, 1.0000000116861e-07, 0.115973118639456, 0, 0
],
"vPS": [
0.00100459392719813, 0.0123911304124709
],
"mPS": [
1.00601145979223, 0.0140044772126063
],
"xPA": [
55.5090781518435, 0
],
"amru": [
1000000, 1000000
],
"amrl": [
0, 0
],
"omPH": [
-1.29644666786508e-10, -1.09297694751249e-10, 0.648415613732337, 2.66471111736095e-08, -0.941478334555645, -1.97347737799389
],
"bPS": [
0.000467233954760946, 0.100000001, 111.019897243612, 0.10221621705673, 0.00129793424702505, 55.5126948721844, 0.000467333954762129, -1.61080620201211e-17, 
0, 0, 0, 0, 0.998702065752975, 0.000997376491898667, 0, 0
]
}
