{
"NodeHandle": 0,
"NodeTypeHY": 0,
"NodeTypeMT": 0,
"NodeStatusFMT": 1,
"NodeStatusCH": 1,
"IterDone": 56,
"TK": 298.15,
"P": 100000,
"Vs": 0.0134078569607768,
"Vi": 0,
"Ms": 1.05351311372714,
"Mi": 0,
"Hs": 0,
"Hi": 0,
"Gs": -5510.82665805253,
"IS": 0.298183482362125,
"pH": 3.04521557610125,
"pe": 16.981923135326,
"Eh": 1.00261875747986,
"Tm": 0,
"dt": 0,
"Dif": 0,
"Vt": 0,
"vp": 0,
"eps": 0,
"Km": 0,
"Kf": 0,
"S": 0,
"Tr": 0,
"h": 0,
"rho": 0,
"al": 0,
"at": 0,
"av": 0,
"hDl": 0,
"hDt": 0,
"hDv": 0,
"nto": 0,
"bIC": [
0.232413571233674, 0.2, 111.581574800114, 0.100001, 1, 56.5552353993746, 0.232413571233674, 0
],
"rMB": [
5.55111512312578e-17, 0, -5.13478148889135e-14, 4.57966997657877e-16, 8.88178419700125e-16, -6.44276298977786e-14, 6.59194920871187e-17, 4.41053443767103e-16
],
"uIC": [
-318.644434332305, -15.7805351037965, -46.1141911461625, -147.357955066395, -0.000499085411677043, -3.45504179739028, -335.531384123062, 39.102323143098
],
"bSP": [
0.19944347676761, 0, 0.39888695353522, 0, 0, 0.959450684685162, 0.230420996383069, 0
],
"xDC": [
8.46090547666307e-05, 8.53755573944301e-08, 1.00204734022183e-10, 5.42348304746693e-14, 0.0328277454137617, 4.17171148556297e-13, 5.76545213023385e-05, 5.34548569311772e-13, 0.100000999999465, 4.51223161699092e-10, 
0.00193491987766239, 5.94591484649084e-20, 6.21584652980778e-29, 0.2, 0.000649929221879579, 0, 1.31369537101571e-06, 1.50773858104254e-11, 0.00123115169832611, 55.5906572153687, 
0, 0.49935007077812, 0.000498686304519547, 7.77658950820828e-19, 0.0997217383838049, 0, 0.0309775196154591
],
"gam": [
0.288738354101484, 0.733027367866978, 0.999981795520745, 0.733027367866978, 0.0611145973689273, 0.733027367866978, 0.288738354101484, 0.999981795520745, 0.733027367866978, 0.733027367866978, 
0.999981795520745, 0.288738354101484, 0.733027367866978, 0.733027367866978, 0.999981795520745, 0.999981795520745, 0.999981795520745, 0.733027367866978, 0.733027367866978, 0.99996351792273, 
1, 1, 1, 1, 1, 1, 1
],
"dll": [
0, 0, 0, 0, 0, 0, 0, 0, 0, 0, 
0, 0, 0, 0, 0, 0, 0, 0, 0, 0, 
0, 0, 0, 0, 0, 0, 0
],
"dul": [
1000000, 1000000, 1000000, 1000000, 1000000, 1000000, 1000000, 1000000, 1000000, 1000000, 
1000000, 1000000, 1000000, 1000000, 1000000, 1000000, 1000000, 1000000, 1000000, 1000000, 
1000000, 1000000, 1000000, 1.0000000116861e-07, 1000000, 0, 1000000
],
"aPH": [
0, 0, 0, 0, 0, 0
],
"xPH": [
55.9274456247943, 0.49984875708264, 7.77658950820828e-19, 0.0997217383838049, 0, 0.0309775196154591
],
"vPS": [
0.00100634648930597, 0.0123911065142024
],
"mPS": [
1.01190318868541, 0.0140044501988373
],
"xPA": [
55.5906572153687, 0
],
"amru": [
1000000, 1000000
],
"amrl": [
0, 0
],
"omPH": [
-3.28857990400031e-10, 6.91591357409199e-10, -1.32557854042247, -2.277839603016e-08, 1.0319998860901, 8.42651865198677e-07
],
"bPS": [
0.0329700944660642, 0.2, 111.182687846579, 0.100001, 0.00129985844375916, 55.5947873420805, 0.00199257485060506, -4.41053443767103e-16, 
0, 0, 0, 0, 0.99870014155624, 0.000997372609039094, 0, 0
]
}
