{
"NodeHandle": 0,
"NodeTypeHY": 0,
"NodeTypeMT": 0,
"NodeStatusFMT": 1,
"NodeStatusCH": 1,
"IterDone": 0,
"TK": 298.15,
"P": 100000,
"Vs": 0.0134072569389939,
"Vi": 0,
"Ms": 1.04986723949306,
"Mi": 0,
"Hs": 0,
"Hi": 0,
"Gs": -5504.55833678161,
"IS": 0.10000642151937,
"pH": 8.24975078842273,
"pe": 11.776855044819,
"Eh": 0.695309693605571,
"Tm": 0,
"dt": 0,
"Dif": 0,
"Vt": 0,
"vp": 0,
"eps": 0,
"Km": 0,
"Kf": 0,
"S": 0,
"Tr": 0,
"h": 0,
"rho": 0,
"al": 0,
"at": 0,
"av": 0,
"hDl": 0,
"hDt": 0,
"hDv": 0,
"nto": 0,
"bIC": [
0.232413571233674, 0.100000001, 111.481580317401, 0.10000651628786, 1, 56.5552409156625, 0.232413571233674, 0
],
"rMB": [
2.77555756156289e-17, 0, -1.60427227058335e-14, 5.55111512312578e-17, 0, -1.68753899743024e-14, 5.55111512312578e-17, -5.95870233154282e-17
],
"uIC": [
-312.459059254784, -28.3943251055303, -46.1129641487936, -135.308319214447, -0.000499087205486656, -3.45504080733046, -341.7192176245, 27.1172109249508
],
"bSP": [
0.232409500375799, 0, 0.464819100751599, 0, 0, 1.04584260169109, 0.232409400375798, 0
],
"xDC": [
1.24178456857346e-12, 2.42373400434072e-10, 4.86443010791287e-08, 3.95940112518741e-06, 2.18964157412929e-15, 6.2568829369337e-08, 1.73793356388767e-15, 9.14117315532612e-08, 0.100006424876128, 1.39542228393385e-07, 
3.96874437823322e-06, 2.43814933446891e-12, 3.1079351901037e-29, 0.100000001, 0.000648958884823024, 0, 1.31173751758235e-06, 2.26981064708158e-06, 7.20671104271794e-09, 55.5083793300165, 
0, 0.499351041115177, 0.000498688262482069, 1.0000000116861e-07, 0.116204700187899, 0, 0
],
"gam": [
0.371459083438413, 0.780684627122179, 0.999993496987558, 0.780684627122179, 0.107721710665777, 0.780684627122179, 0.371459083438413, 0.999993496987558, 0.780684627122179, 0.780684627122179, 
0.999993496987558, 0.371459083438413, 0.780684627122179, 0.780684627122179, 0.999993496987558, 0.999993496987558, 0.999993496987558, 0.780684627122179, 0.780684627122179, 0.999986978354396, 
1, 1, 1, 1, 1, 1, 1
],
"dll": [
0, 0, 0, 0, 0, 0, 0, 0, 0, 0, 
0, 0, 0, 0, 0, 0, 0, 0, 0, 0, 
0, 0, 0, 0, 0, 0, 0
],
"dul": [
1000000, 1000000, 1000000, 1000000, 1000000, 1000000, 1000000, 1000000, 1000000, 1000000, 
1000000, 1000000, 1000000, 1000000, 1000000, 1000000, 1000000, 1000000, 1000000, 1000000, 
1000000, 1000000, 1000000, 1.0000000116861e-07, 1000000, 0, 1000000
],
"aPH": [
0, 0, 0, 0, 0, 0
],
"xPH": [
55.709046574091, 0.499849729377659, 1.0000000116861e-07, 0.116204700187899, 0, 0
],
"vPS": [
0.0010045825437484, 0.0123911306171155
],
"mPS": [
1.00586329262412, 0.014004477443929
],
"xPA": [
55.5083793300165, 0
],
"amru": [
1000000, 1000000
],
"amrl": [
0, 0
],
"omPH": [
1.00672894524597e-11, -6.98144155966195e-12, 1.36229564315599, -1.16719110719401e-10, -1.65534119298321, -2.68734023642145
],
"bPS": [
4.07085787474845e-06, 0.100000001, 111.01676121665, 0.10000651628786, 0.00129791776964605, 55.5084009374465, 4.17085787588321e-06, 5.95870233154282e-17, 
0, 0, 0, 0, 0.998702082230354, 0.000997376524964139, 0, 0
]
}
