{
"NodeHandle": 0,
"NodeTypeHY": 0,
"NodeTypeMT": 0,
"NodeStatusFMT": 1,
"NodeStatusCH": 1,
"IterDone": 0,
"TK": 298.15,
"P": 100000,
"Vs": 0.0134072558493937,
"Vi": 0,
"Ms": 1.04987584830453,
"Mi": 0,
"Hs": 0,
"Hi": 0,
"Gs": -5504.59749512588,
"IS": 0.100216482479243,
"pH": 9.99976662484098,
"pe": 10.0268409289716,
"Eh": 0.591988240291887,
"Tm": 0,
"dt": 0,
"Dif": 0,
"Vt": 0,
"vp": 0,
"eps": 0,
"Km": 0,
"Kf": 0,
"S": 0,
"Tr": 0,
"h": 0,
"rho": 0,
"al": 0,
"at": 0,
"av": 0,
"hDl": 0,
"hDt": 0,
"hDv": 0,
"nto": 0,
"bIC": [
0.232413571233674, 0.100000001, 111.481795553026, 0.100221751912272, 1, 56.5554561512869, 0.232413571233674, 0
],
"rMB": [
5.55111512312578e-17, 0, -3.63042929052426e-14, 0, 0, -1.04360964314765e-14, 2.77555756156289e-17, -1.78269372180089e-18
],
"uIC": [
-313.927985391576, -32.4240342834242, -46.1129681105544, -131.276816116389, -0.000499087159503825, -3.45504080939348, -340.250283499963, 23.0876545008907
],
"bSP": [
0.232358756631428, 0, 0.464717613262857, 0, 0, 1.04561425484142, 0.232358656631427, 0
],
"xDC": [
9.04550969183524e-17, 9.92324608859604e-13, 1.11954139360082e-08, 5.12814133538715e-05, 2.83865560534631e-21, 3.52199248592885e-06, 5.49975598178916e-19, 5.15467674656561e-06, 0.100216597235525, 3.41144679198793e-05, 
1.72446296878987e-05, 3.35121536094347e-08, 3.10793515903544e-29, 0.100000001, 0.000648959839042601, 0, 1.3117394409163e-06, 0.000127611466505706, 1.28054857591455e-10, 55.5084555239142, 
0, 0.499351040160957, 0.000498688260555459, 1.0000000116861e-07, 0.116179328315713, 0, 0
],
"gam": [
0.371234255466415, 0.780566455107705, 0.999993468615733, 0.780566455107705, 0.107575071658808, 0.780566455107705, 0.371234255466415, 0.999993468615733, 0.780566455107705, 0.780566455107705, 
0.999993468615733, 0.371234255466415, 0.780566455107705, 0.780566455107705, 0.999993468615733, 0.999993468615733, 0.999993468615733, 0.780566455107705, 0.780566455107705, 0.999986921508438, 
1, 1, 1, 1, 1, 1, 1
],
"dll": [
0, 0, 0, 0, 0, 0, 0, 0, 0, 0, 
0, 0, 0, 0, 0, 0, 0, 0, 0, 0, 
0, 0, 0, 0, 0, 0, 0
],
"dul": [
1000000, 1000000, 1000000, 1000000, 1000000, 1000000, 1000000, 1000000, 1000000, 1000000, 
1000000, 1000000, 1000000, 1000000, 1000000, 1000000, 1000000, 1000000, 1000000, 1000000, 
1000000, 1000000, 1000000, 1.0000000116861e-07, 1000000, 0, 1000000
],
"aPH": [
0, 0, 0, 0, 0, 0
],
"xPH": [
55.7095613672115, 0.499849728421513, 1.0000000116861e-07, 0.116179328315713, 0, 0
],
"vPS": [
0.00100458399829263, 0.0123911305934129
],
"mPS": [
1.00587845147718, 0.0140044774171365
],
"xPA": [
55.5084555239142, 0
],
"amru": [
1000000, 1000000
],
"amrl": [
0, 0
],
"omPH": [
-2.67084619341444e-10, 3.11311907361307e-11, 0.724343964548479, 4.76029313517024e-08, -1.01739121153467, -2.04939025497291
],
"bPS": [
5.4814602246061e-05, 0.100000001, 111.017077939763, 0.100221751912272, 0.0012979196780852, 55.5088445199244, 5.49146022473162e-05, -1.78628547779787e-16, 
0, 0, 0, 0, 0.998702080321915, 0.000997376521110918, 0, 0
]
}
