{
"NodeHandle": 0,
"NodeTypeHY": 0,
"NodeTypeMT": 0,
"NodeStatusFMT": 1,
"NodeStatusCH": 1,
"IterDone": 0,
"TK": 298.15,
"P": 100000,
"Vs": 0.0134072583910215,
"Vi": 0,
"Ms": 1.04987282736781,
"Mi": 0,
"Hs": 0,
"Hi": 0,
"Gs": -5504.56785062529,
"IS": 0.100276186910845,
"pH": 4.50026613486952,
"pe": 15.5263407433678,
"Eh": 0.916680657442247,
"Tm": 0,
"dt": 0,
"Dif": 0,
"Vt": 0,
"vp": 0,
"eps": 0,
"Km": 0,
"Kf": 0,
"S": 0,
"Tr": 0,
"h": 0,
"rho": 0,
"al": 0,
"at": 0,
"av": 0,
"hDl": 0,
"hDt": 0,
"hDv": 0,
"nto": 0,
"bIC": [
0.232413571233674, 0.100160404605385, 111.481734205719, 0.100000001, 1, 56.5552344003746, 0.232413571233674, 0
],
"rMB": [
0, 0, 1.66533453693773e-16, 0, 0, 5.77315972805081e-15, 8.32667268468867e-17, -3.83536518516747e-18
],
"uIC": [
-314.801042639558, -19.7594084673449, -46.1129665549848, -143.9420893518, -0.000499086650955785, -3.45504080800886, -339.377229422774, 35.7507208187796
],
"bSP": [
0.232372231996095, 0, 0.46474446399219, 0, 0, 1.04567504398243, 0.232372231996095, 0
],
"xDC": [
3.7699112317855e-06, 1.3092072047315e-07, 4.67678592930011e-09, 6.77837604975623e-11, 3.73787695265913e-05, 1.11409859592304e-11, 5.48803894499032e-08, 1.62692463454484e-11, 0.100000000983731, 2.58437968574391e-10, 
4.12840876104942e-05, 8.04339798458587e-19, 3.11298452287706e-29, 0.100160404605385, 0.000648960540590657, 0, 1.31174086093427e-06, 4.04186516323684e-10, 4.04875506609834e-05, 55.5084727120144, 
0, 0.499351039459409, 0.000498688259139767, 0, 0.116186115998047, 0, 0
],
"gam": [
0.371170480719276, 0.780532935878298, 0.999993479763793, 0.780532935878298, 0.107533493631081, 0.780532935878298, 0.371170480719276, 0.999993479763793, 0.780532935878298, 0.780532935878298, 
0.999993479763793, 0.371170480719276, 0.780532935878298, 0.780532935878298, 0.999993479763793, 0.999993479763793, 0.999993479763793, 0.780532935878298, 0.780532935878298, 0.999986943844785, 
1, 1, 1, 1, 1, 1, 1
],
"dll": [
0, 0, 0, 0, 0, 0, 0, 0, 0, 0, 
0, 0, 0, 0, 0, 0, 0, 0, 0, 0, 
0, 0, 0, 0, 0, 0, 0
],
"dul": [
1000000, 1000000, 1000000, 1000000, 1000000, 1000000, 1000000, 1000000, 1000000, 1000000, 
1000000, 1000000, 1000000, 1000000, 1000000, 1000000, 1000000, 1000000, 1000000, 1000000, 
1000000, 1000000, 1000000, 1.0000000116861e-07, 1000000, 0, 1000000
],
"aPH": [
0, 0, 0, 0, 0, 0
],
"xPH": [
55.7094065014397, 0.499849727718549, 0, 0.116186115998047, 0, 0
],
"vPS": [
0.00100458588625395, 0.0123911305759866
],
"mPS": [
1.00587368604915, 0.0140044773974384
],
"xPA": [
55.5084727120144, 0
],
"amru": [
1000000, 1000000
],
"amrl": [
0, 0
],
"omPH": [
-3.21236765659419e-12, 4.73609569793594e-10, 0.345182048681774, 1.20096262471732e-09, -0.638228642992966, -1.67022768643121
],
"bPS": [
4.13392375789756e-05, 0.100160404605385, 111.016989741727, 0.100000001, 0.00129792108118131, 55.5085619798739, 4.13392375788987e-05, 3.83536518516747e-18, 
0, 0, 0, 0, 0.998702078918819, 0.000997376518279535, 0, 0
]
}
