{
"NodeHandle": 0,
"NodeTypeHY": 0,
"NodeTypeMT": 0,
"NodeStatusFMT": 1,
"NodeStatusCH": 1,
"IterDone": 0,
"TK": 298.15,
"P": 100000,
"Vs": 0.0134072532462034,
"Vi": 0,
"Ms": 1.04989492693726,
"Mi": 0,
"Hs": 0,
"Hi": 0,
"Gs": -5504.68350055696,
"IS": 0.100682325361305,
"pH": 10.5006619704667,
"pe": 9.52594929024261,
"Eh": 0.562415420508606,
"Tm": 0,
"dt": 0,
"Dif": 0,
"Vt": 0,
"vp": 0,
"eps": 0,
"Km": 0,
"Kf": 0,
"S": 0,
"Tr": 0,
"h": 0,
"rho": 0,
"al": 0,
"at": 0,
"av": 0,
"hDl": 0,
"hDt": 0,
"hDv": 0,
"nto": 0,
"bIC": [
0.232413571233674, 0.100000001, 111.482272552835, 0.100698751721726, 1, 56.5559331510964, 0.232413571233674, 0
],
"rMB": [
0, 0, -1.33226762955019e-15, -1.38777878078145e-17, 1.11022302462516e-16, 3.99680288865056e-15, 0, -1.31107293058953e-17
],
"uIC": [
-314.05689496894, -33.5777170563403, -46.1129766459996, -130.119170877239, -0.000499086627532445, -3.45504080998745, -340.121356898866, 21.9343088779491
],
"bSP": [
0.232259573080452, 0, 0.464519246160906, 0, 0, 1.04516792886203, 0.232259473080451, 0
],
"xDC": [
7.92945716054168e-18, 2.75374555801199e-13, 9.84362523912289e-09, 0.000142833746144319, 7.8661349257867e-23, 1.11545631767863e-05, 5.48461269614931e-20, 1.63901435094552e-05, 0.100682361578216, 0.000122945717918027, 
1.96145533862483e-05, 3.83318741823778e-07, 3.10793510680755e-29, 0.100000001, 0.00064896215192758, 0, 1.31174411146095e-06, 0.000404659954233324, 4.0464593961278e-11, 55.5086046504873, 
0, 0.499351037848072, 0.000498688255890786, 1.0000000116861e-07, 0.116129736540226, 0, 0
],
"gam": [
0.370737998637439, 0.780305427834322, 0.999993407288017, 0.780305427834322, 0.107251791826774, 0.780305427834322, 0.370737998637439, 0.999993407288017, 0.780305427834322, 0.780305427834322, 
0.999993407288017, 0.370737998637439, 0.780305427834322, 0.780305427834322, 0.999993407288017, 0.999993407288017, 0.999993407288017, 0.780305427834322, 0.780305427834322, 0.999986798631105, 
1, 1, 1, 1, 1, 1, 1
],
"dll": [
0, 0, 0, 0, 0, 0, 0, 0, 0, 0, 
0, 0, 0, 0, 0, 0, 0, 0, 0, 0, 
0, 0, 0, 0, 0, 0, 0
],
"dul": [
1000000, 1000000, 1000000, 1000000, 1000000, 1000000, 1000000, 1000000, 1000000, 1000000, 
1000000, 1000000, 1000000, 1000000, 1000000, 1000000, 1000000, 1000000, 1000000, 1000000, 
1000000, 1000000, 1000000, 1.0000000116861e-07, 1000000, 0, 1000000
],
"aPH": [
0, 0, 0, 0, 0, 0
],
"xPH": [
55.710655278843, 0.499849726103963, 1.0000000116861e-07, 0.116129736540226, 0, 0
],
"vPS": [
0.00100458637900064, 0.0123911305359615
],
"mPS": [
1.0059103328116, 0.0140044773521954
],
"xPA": [
55.5086046504873, 0
],
"amru": [
1000000, 1000000
],
"amrl": [
0, 0
],
"omPH": [
-1.25029877677766e-11, 4.92219932684419e-10, 0.668348125086781, 4.32058201719735e-09, -0.961399100739879, -1.99339814417812
],
"bPS": [
0.000153998153221719, 0.100000001, 111.017753306674, 0.100698751721726, 0.00129792430385516, 55.5097678457226, 0.000154098153222885, -7.67058501919168e-19, 
0, 0, 0, 0, 0.998702075696145, 0.000997376511781572, 0, 0
]
}
