{
"NodeHandle": 0,
"NodeTypeHY": 0,
"NodeTypeMT": 0,
"NodeStatusFMT": 1,
"NodeStatusCH": 1,
"IterDone": 1,
"TK": 298.15,
"P": 100000,
"Vs": 0.0134072569415848,
"Vi": 0,
"Ms": 1.04986698384643,
"Mi": 0,
"Hs": 0,
"Hi": 0,
"Gs": -5504.55713246052,
"IS": 0.100000553697359,
"pH": 6.49314203231237,
"pe": 13.533463742539,
"Eh": 0.799020493369035,
"Tm": 0,
"dt": 0,
"Dif": 0,
"Vt": 0,
"vp": 0,
"eps": 0,
"Km": 0,
"Kf": 0,
"S": 0,
"Tr": 0,
"h": 0,
"rho": 0,
"al": 0,
"at": 0,
"av": 0,
"hDl": 0,
"hDt": 0,
"hDv": 0,
"nto": 0,
"bIC": [
0.232413571233674, 0.100000136660382, 111.481573937774, 0.100000001, 1, 56.5552344003746, 0.232413571233674, 0
],
"rMB": [
8.32667268468867e-17, 0, -3.05311331771918e-15, 0, 0, -5.55111512312578e-15, 0, 2.18666849289618e-18
],
"uIC": [
-310.840989255973, -24.3495784032006, -46.1129640143448, -139.353120141512, -0.00049908719891649, -3.45504080704643, -343.337287893695, 31.1619519349569
],
"bSP": [
0.232412882846986, 0, 0.464825865677003, 0, 0, 1.04585782283689, 0.232412782863955, 0
],
"xDC": [
2.04129248885104e-08, 6.97759146114609e-08, 2.45318229415553e-07, 3.49720400901666e-07, 2.05715334387099e-09, 1.09640086316237e-09, 5.66400845556148e-12, 1.60172887064754e-09, 0.0999999993982711, 4.84287589680011e-10, 
7.86783366479094e-07, 1.48321981709281e-16, 3.10794044261825e-29, 0.100000136660382, 0.000648958824743393, 0, 1.31173739635755e-06, 3.97721480303123e-08, 4.11550796062075e-07, 55.5083736764756, 
0, 0.499351041175257, 0.000498688262614418, 9.99830310050561e-08, 0.116206391431977, 0, 0
],
"gam": [
0.371465373257668, 0.780687932446848, 0.999993497950179, 0.780687932446848, 0.107725814632415, 0.780687932446848, 0.371465373257668, 0.999993497950179, 0.780687932446848, 0.780687932446848, 
0.999993497950179, 0.371465373257668, 0.780687932446848, 0.780687932446848, 0.999993497950179, 0.999993497950179, 0.999993497950179, 0.780687932446848, 0.780687932446848, 0.999986980283106, 
1, 1, 1, 1, 1, 1, 1
],
"dll": [
0, 0, 0, 0, 0, 0, 0, 0, 0, 0, 
0, 0, 0, 0, 0, 0, 0, 0, 0, 0, 
0, 0, 0, 0, 0, 0, 0
],
"dul": [
1000000, 1000000, 1000000, 1000000, 1000000, 1000000, 1000000, 1000000, 1000000, 1000000, 
1000000, 1000000, 1000000, 1000000, 1000000, 1000000, 1000000, 1000000, 1000000, 1000000, 
1000000, 1000000, 1000000, 1.0000000116861e-07, 1000000, 0, 1000000
],
"aPH": [
0, 0, 0, 0, 0, 0
],
"xPH": [
55.7090260116754, 0.499849729437871, 9.99830310050561e-08, 0.116206391431977, 0, 0
],
"vPS": [
0.00100458237683906, 0.0123911306186081
],
"mPS": [
1.00586260036473, 0.0140044774456163
],
"xPA": [
55.5083736764756, 0
],
"amru": [
1000000, 1000000
],
"amrl": [
0, 0
],
"omPH": [
1.03535982772726e-11, -1.03424120787963e-12, 2.06501468905392, -2.9861132900963e-10, -2.35806018052004, -3.39005922395828
],
"bPS": [
6.88386688032679e-07, 0.100000136660382, 111.016748072097, 0.100000001, 0.00129791764948679, 55.5083792010125, 7.88369719088714e-07, -2.18666849289618e-18, 
0, 0, 0, 0, 0.998702082350513, 0.000997376525228836, 0, 0
]
}
