{
"NodeHandle": 0,
"NodeTypeHY": 0,
"NodeTypeMT": 0,
"NodeStatusFMT": 1,
"NodeStatusCH": 1,
"IterDone": 0,
"TK": 298.15,
"P": 100000,
"Vs": 0.0134072573310804,
"Vi": 0,
"Ms": 1.04986824734386,
"Mi": 0,
"Hs": 0,
"Hi": 0,
"Gs": -5504.55948933834,
"IS": 0.100054636729442,
"pH": 5.00048265501041,
"pe": 15.02612336204,
"Eh": 0.887147646054778,
"Tm": 0,
"dt": 0,
"Dif": 0,
"Vt": 0,
"vp": 0,
"eps": 0,
"Km": 0,
"Kf": 0,
"S": 0,
"Tr": 0,
"h": 0,
"rho": 0,
"al": 0,
"at": 0,
"av": 0,
"hDl": 0,
"hDt": 0,
"hDv": 0,
"nto": 0,
"bIC": [
0.232413571233674, 0.100034790103737, 111.481608591217, 0.100000001, 1, 56.5552344003746, 0.232413571233674, 0
],
"rMB": [
8.32667268468867e-17, -4.16333634234434e-17, -3.81916720471054e-14, -2.77555756156289e-17, 0, 1.22124532708767e-14, 5.55111512312578e-17, 4.40084438075444e-17
],
"uIC": [
-313.176174355041, -20.9122954622427, -46.1129645720287, -142.790135250843, -0.000499087368694681, -3.4550408077362, -341.002101670326, 34.5989277308822
],
"bSP": [
0.232405432789958, 0, 0.464810865579916, 0, 0, 1.04582444755481, 0.232405432789958, 0
],
"xDC": [
1.91134622931985e-06, 2.10084654805495e-07, 2.37475510377813e-08, 1.08879030856779e-09, 5.98666221305442e-06, 3.5242711864668e-11, 5.47903453471508e-09, 5.14819392772648e-11, 0.100000000948518, 1.61002121881137e-10, 
8.13276843641405e-06, 1.58461393223783e-18, 3.10901511076164e-29, 0.100034790103737, 0.00064895886584786, 0, 1.31173747838941e-06, 1.278586161635e-09, 1.27879970188345e-05, 55.5083914977883, 
0, 0.499351041134152, 0.000498688262512875, 0, 0.116202716394979, 0, 0
],
"gam": [
0.371407421975693, 0.780657480089121, 0.999993493958997, 0.780657480089121, 0.107688005344517, 0.780657480089121, 0.371407421975693, 0.999993493958997, 0.780657480089121, 0.780657480089121, 
0.999993493958997, 0.371407421975693, 0.780657480089121, 0.780657480089121, 0.999993493958997, 0.999993493958997, 0.999993493958997, 0.780657480089121, 0.780657480089121, 0.999986972286363, 
1, 1, 1, 1, 1, 1, 1
],
"dll": [
0, 0, 0, 0, 0, 0, 0, 0, 0, 0, 
0, 0, 0, 0, 0, 0, 0, 0, 0, 0, 
0, 0, 0, 0, 0, 0, 0
],
"dul": [
1000000, 1000000, 1000000, 1000000, 1000000, 1000000, 1000000, 1000000, 1000000, 1000000, 
1000000, 1000000, 1000000, 1000000, 1000000, 1000000, 1000000, 1000000, 1000000, 1000000, 
1000000, 1000000, 1000000, 1.0000000116861e-07, 1000000, 0, 1000000
],
"aPH": [
0, 0, 0, 0, 0, 0
],
"xPH": [
55.7091056201441, 0.499849729396665, 0, 0.116202716394979, 0, 0
],
"vPS": [
0.00100458313562933, 0.0123911306175866
],
"mPS": [
1.00586482041168, 0.0140044774444616
],
"xPA": [
55.5083914977883, 0
],
"amru": [
1000000, 1000000
],
"amrl": [
0, 0
],
"omPH": [
-1.99323112195006e-11, -1.48952286678911e-10, 1.05085596091716, 4.76514160340002e-09, -1.34390169220019, -2.37590073563843
],
"bPS": [
8.13844371577269e-06, 0.100034790103737, 111.016797725637, 0.100000001, 0.00129791773169572, 55.5084125762948, 8.13844371578251e-06, -4.40084438075444e-17, 
0, 0, 0, 0, 0.998702082268304, 0.000997376525025749, 0, 0
]
}
