{
"NodeHandle": 0,
"NodeTypeHY": 0,
"NodeTypeMT": 0,
"NodeStatusFMT": 1,
"NodeStatusCH": 1,
"IterDone": 0,
"TK": 298.15,
"P": 100000,
"Vs": 0.0134072570016939,
"Vi": 0,
"Ms": 1.049867124538,
"Mi": 0,
"Hs": 0,
"Hi": 0,
"Gs": -5504.55740081375,
"IS": 0.100005141176191,
"pH": 5.74989127769503,
"pe": 14.276714522438,
"Eh": 0.842902282698775,
"Tm": 0,
"dt": 0,
"Dif": 0,
"Vt": 0,
"vp": 0,
"eps": 0,
"Km": 0,
"Kf": 0,
"S": 0,
"Tr": 0,
"h": 0,
"rho": 0,
"al": 0,
"at": 0,
"av": 0,
"hDl": 0,
"hDt": 0,
"hDv": 0,
"nto": 0,
"bIC": [
0.232413571233674, 0.100003995352384, 111.481577796466, 0.100000001, 1, 56.5552344003746, 0.232413571233674, 0
],
"rMB": [
5.55111512312578e-17, 0, -1.22124532708767e-14, -1.38777878078145e-17, 1.11022302462516e-16, 2.1094237467878e-14, 0, -1.01504193234219e-17
],
"uIC": [
-311.260739606174, -22.6381449799685, -46.1129640725579, -141.064521630708, -0.000499087181792825, -3.45504080828402, -342.917537421371, 32.8733501046678
],
"bSP": [
0.232412473430233, 0, 0.464825046860467, 0, 0, 1.04585598043605, 0.232412373430232, 0
],
"xDC": [
4.11442251274284e-07, 2.53865445202831e-07, 1.61244911732752e-07, 4.15142654180693e-08, 2.29364949278346e-07, 1.97905920710477e-10, 1.73712298840942e-10, 2.89118675454475e-10, 0.100000000710881, 1.33238553260127e-10, 
1.19729858554423e-06, 7.35884993916484e-18, 3.10805649266743e-29, 0.100003995352384, 0.000648958856928015, 0, 1.31173746053418e-06, 7.17992836406935e-09, 2.27847462035151e-06, 55.5083749453338, 
0, 0.499351041143072, 0.000498688262535004, 1.0000000116861e-07, 0.116206186715116, 0, 0
],
"gam": [
0.371460455939729, 0.78068534857485, 0.999993497529406, 0.78068534857485, 0.107722606140157, 0.78068534857485, 0.371460455939729, 0.999993497529406, 0.78068534857485, 0.78068534857485, 
0.999993497529406, 0.371460455939729, 0.78068534857485, 0.78068534857485, 0.999993497529406, 0.999993497529406, 0.999993497529406, 0.78068534857485, 0.78068534857485, 0.999986979440044, 
1, 1, 1, 1, 1, 1, 1
],
"dll": [
0, 0, 0, 0, 0, 0, 0, 0, 0, 0, 
0, 0, 0, 0, 0, 0, 0, 0, 0, 0, 
0, 0, 0, 0, 0, 0, 0
],
"dul": [
1000000, 1000000, 1000000, 1000000, 1000000, 1000000, 1000000, 1000000, 1000000, 1000000, 
1000000, 1000000, 1000000, 1000000, 1000000, 1000000, 1000000, 1000000, 1000000, 1000000, 
1000000, 1000000, 1000000, 1.0000000116861e-07, 1000000, 0, 1000000
],
"aPH": [
0, 0, 0, 0, 0, 0
],
"xPH": [
55.7090337931704, 0.499849729405607, 1.0000000116861e-07, 0.116206186715116, 0, 0
],
"vPS": [
0.00100458245808397, 0.0123911306178083
],
"mPS": [
1.00586279390569, 0.0140044774447122
],
"xPA": [
55.5083749453338, 0
],
"amru": [
1000000, 1000000
],
"amrl": [
0, 0
],
"omPH": [
1.06009482724376e-11, 1.27518806865268e-11, 1.88271935110611, -1.8781704619837e-10, -2.17576486806715, -3.20776391150539
],
"bPS": [
1.09780344112583e-06, 0.100003995352384, 111.016752749605, 0.100000001, 0.00129791771385603, 55.5083810434135, 1.19780344231705e-06, 2.40282071312364e-17, 
0, 0, 0, 0, 0.998702082286144, 0.000997376525070009, 0, 0
]
}
