{
"NodeHandle": 0,
"NodeTypeHY": 0,
"NodeTypeMT": 0,
"NodeStatusFMT": 1,
"NodeStatusCH": 1,
"IterDone": 0,
"TK": 298.15,
"P": 100000,
"Vs": 0.0134072571464302,
"Vi": 0,
"Ms": 1.04986758643328,
"Mi": 0,
"Hs": 0,
"Hi": 0,
"Gs": -5504.55826567528,
"IS": 0.10002460881723,
"pH": 5.25000795891782,
"pe": 14.7765979314877,
"Eh": 0.872415576244643,
"Tm": 0,
"dt": 0,
"Dif": 0,
"Vt": 0,
"vp": 0,
"eps": 0,
"Km": 0,
"Kf": 0,
"S": 0,
"Tr": 0,
"h": 0,
"rho": 0,
"al": 0,
"at": 0,
"av": 0,
"hDl": 0,
"hDt": 0,
"hDv": 0,
"nto": 0,
"bIC": [
0.232413571233674, 0.100016663571267, 111.481590464685, 0.100000001, 1, 56.5552344003746, 0.232413571233674, 0
],
"rMB": [
5.55111512312578e-17, 0, -2.21489493412719e-14, 0, 0, -1.31006316905768e-14, 0, 1.18161096141975e-18
],
"uIC": [
-312.43997707417, -21.4870083774829, -46.112964280418, -142.215559871964, -0.000499087188898092, -3.45504080768427, -341.738299540107, 34.0243741929746
],
"bSP": [
0.232409775466851, 0, 0.464819650933671, 0, 0, 1.04584383960088, 0.232409675466883, 0
],
"xDC": [
1.26457159481988e-06, 2.46935575153807e-07, 4.95840296306087e-08, 4.03812675909409e-09, 2.22883860806506e-06, 6.2601087184156e-11, 1.73628697454516e-09, 9.14506391179216e-11, 0.100000000908549, 1.36968729984297e-10, 
3.89383093375952e-06, 2.39445831985506e-18, 3.10845220493255e-29, 0.100016663571267, 0.000648958923214525, 0, 1.31173759559317e-06, 2.27113509572376e-09, 7.2031043859645e-06, 55.5083811461277, 
0, 0.499351041076785, 0.000498688262402407, 9.99999680237559e-08, 0.116204837733442, 0, 0
],
"gam": [
0.371439592181029, 0.780674385318133, 0.99999349604483, 0.780674385318133, 0.107708993332408, 0.780674385318133, 0.371439592181029, 0.99999349604483, 0.780674385318133, 0.780674385318133, 
0.99999349604483, 0.371439592181029, 0.780674385318133, 0.780674385318133, 0.99999349604483, 0.99999349604483, 0.99999349604483, 0.780674385318133, 0.780674385318133, 0.999986976465544, 
1, 1, 1, 1, 1, 1, 1
],
"dll": [
0, 0, 0, 0, 0, 0, 0, 0, 0, 0, 
0, 0, 0, 0, 0, 0, 0, 0, 0, 0, 
0, 0, 0, 0, 0, 0, 0
],
"dul": [
1000000, 1000000, 1000000, 1000000, 1000000, 1000000, 1000000, 1000000, 1000000, 1000000, 
1000000, 1000000, 1000000, 1000000, 1000000, 1000000, 1000000, 1000000, 1000000, 1000000, 
1000000, 1000000, 1000000, 1.0000000116861e-07, 1000000, 0, 1000000
],
"aPH": [
0, 0, 0, 0, 0, 0
],
"xPH": [
55.70906297647, 0.499849729339188, 9.99999680237559e-08, 0.116204837733442, 0, 0
],
"vPS": [
0.00100458273847461, 0.0123911306161618
],
"mPS": [
1.00586360405659, 0.014004477442851
],
"xPA": [
55.5083811461277, 0
],
"amru": [
1000000, 1000000
],
"amrl": [
0, 0
],
"omPH": [
8.30257018870447e-12, 7.10622553371969e-12, 1.37058275692964, 2.70567143247227e-11, -1.66362836392558, -2.69562740736382
],
"bPS": [
3.79576682249018e-06, 0.100016663571267, 111.016770813751, 0.100000001, 0.00129791784642905, 55.508393184249, 3.89576679055124e-06, -1.18161096141975e-18, 
0, 0, 0, 0, 0.998702082153571, 0.000997376524804813, 0, 0
]
}
