{
"NodeHandle": 0,
"NodeTypeHY": 0,
"NodeTypeMT": 0,
"NodeStatusFMT": 1,
"NodeStatusCH": 1,
"IterDone": 0,
"TK": 298.15,
"P": 100000,
"Vs": 0.0134072865180245,
"Vi": 0,
"Ms": 1.05002202340826,
"Mi": 0,
"Hs": 0,
"Hi": 0,
"Gs": -5504.83149390067,
"IS": 0.108072672133455,
"pH": 3.49962730703807,
"pe": 16.527006790006,
"Eh": 0.975760335305448,
"Tm": 0,
"dt": 0,
"Dif": 0,
"Vt": 0,
"vp": 0,
"eps": 0,
"Km": 0,
"Kf": 0,
"S": 0,
"Tr": 0,
"h": 0,
"rho": 0,
"al": 0,
"at": 0,
"av": 0,
"hDl": 0,
"hDt": 0,
"hDv": 0,
"nto": 0,
"bIC": [
0.232413571233674, 0.104252345278455, 111.485826146392, 0.100000001, 1, 56.5552344003747, 0.232413571233674, 0
],
"rMB": [
-2.77555756156289e-17, 0, 2.90878432451791e-14, 1.38777878078145e-17, -1.11022302462516e-16, -1.06581410364015e-14, -2.77555756156289e-17, -1.70219741080224e-17
],
"uIC": [
-318.236555549295, -17.4206808932797, -46.1130292286037, -146.251640641449, -0.000499086771287097, -3.45504084497212, -335.941590984138, 38.0548395456263
],
"bSP": [
0.231125963588532, 0, 0.462251927177064, 0, 0, 1.04006683614839, 0.231125963588532, 0
],
"xDC": [
1.24442515856552e-05, 4.24653829532227e-08, 1.50658754901848e-10, 2.19235434526215e-13, 0.00126949651238612, 1.11870263829939e-12, 5.6242637907454e-06, 1.6157935071731e-12, 0.100000000998384, 8.05516985408021e-10, 
0.00128198257471573, 2.54426535081376e-19, 3.24007372571646e-29, 0.104252345278455, 0.000648996940069137, 0, 1.31181433108528e-06, 4.05781562674307e-11, 0.000407676094209782, 55.5115742368035, 
0, 0.499351003059931, 0.000498688185683791, 0, 0.115562981794266, 0, 0
],
"gam": [
0.363273533004615, 0.776347514412574, 0.999993023112119, 0.776347514412574, 0.102454194272198, 0.776347514412574, 0.363273533004615, 0.999993023112119, 0.776347514412574, 0.776347514412574, 
0.999993023112119, 0.363273533004615, 0.776347514412574, 0.776347514412574, 0.999993023112119, 0.999993023112119, 0.999993023112119, 0.776347514412574, 0.776347514412574, 0.999986028865921, 
1, 1, 1, 1, 1, 1, 1
],
"dll": [
0, 0, 0, 0, 0, 0, 0, 0, 0, 0, 
0, 0, 0, 0, 0, 0, 0, 0, 0, 0, 
0, 0, 0, 0, 0, 0, 0
],
"dul": [
1000000, 1000000, 1000000, 1000000, 1000000, 1000000, 1000000, 1000000, 1000000, 1000000, 
1000000, 1000000, 1000000, 1000000, 1000000, 1000000, 1000000, 1000000, 1000000, 1000000, 
1000000, 1000000, 1000000, 1.0000000116861e-07, 1000000, 0, 1000000
],
"aPH": [
0, 0, 0, 0, 0, 0
],
"xPH": [
55.7194541589965, 0.499849691245615, 0, 0.115562981794266, 0, 0
],
"vPS": [
0.00100467681956238, 0.0123911296718331
],
"mPS": [
1.00618375173917, 0.0140044763754148
],
"xPA": [
55.5115742368035, 0
],
"amru": [
1000000, 1000000
],
"amrl": [
0, 0
],
"omPH": [
-9.18533001755006e-11, 3.3716408012868e-10, -1.14692395200428, 1.45132610134496e-08, 0.853850137515904, -0.178148905922336
],
"bPS": [
0.00128760764514216, 0.104252345278455, 111.023574219215, 0.100000001, 0.00129799388013827, 55.5141701878549, 0.00128760764514216, 1.70219741080224e-17, 
0, 0, 0, 0, 0.998702006119862, 0.000997376371367581, 0, 0
]
}
