{
"NodeHandle": 0,
"NodeTypeHY": 0,
"NodeTypeMT": 0,
"NodeStatusFMT": 1,
"NodeStatusCH": 1,
"IterDone": 0,
"TK": 298.15,
"P": 100000,
"Vs": 0.0134070902700449,
"Vi": 0,
"Ms": 1.05159462392502,
"Mi": 0,
"Hs": 0,
"Hi": 0,
"Gs": -5512.18497426616,
"IS": 0.143211363526066,
"pH": 12.2508209816269,
"pe": 7.77611377031122,
"Eh": 0.459104511561069,
"Tm": 0,
"dt": 0,
"Dif": 0,
"Vt": 0,
"vp": 0,
"eps": 0,
"Km": 0,
"Kf": 0,
"S": 0,
"Tr": 0,
"h": 0,
"rho": 0,
"al": 0,
"at": 0,
"av": 0,
"hDl": 0,
"hDt": 0,
"hDv": 0,
"nto": 0,
"bIC": [
0.232413571233674, 0.100000001, 111.524768005769, 0.143194204655751, 1, 56.5984286040304, 0.232413571233674, 0
],
"rMB": [
2.77555756156289e-17, 0, -6.60582699651968e-15, 0, -1.11022302462516e-16, 5.32907051820075e-15, -2.77555756156289e-17, 1.77971768153797e-17
],
"uIC": [
-314.043851938927, -37.6317472437141, -46.1137215120823, -125.771561695447, -0.000499086939574365, -3.45504098824654, -340.132909399657, 17.9051636861838
],
"bSP": [
0.223430444902547, 0, 0.446860989805095, 0, 0, 1.00543685206146, 0.223430344902546, 0
],
"xDC": [
2.80403894063614e-21, 5.08812677128575e-15, 9.96736520321968e-09, 0.00833933310323885, 5.60054751491326e-28, 0.000643783260517717, 1.91720383464939e-23, 0.00126622480971085, 0.14192797984604, 0.00699848956184619, 
1.93957275247812e-05, 0.00132155778123937, 3.10793282337002e-29, 0.100000001, 0.00064913612577605, 0, 1.3120951287543e-06, 0.0233032573587009, 7.37430499695685e-13, 55.5231695171329, 
0, 0.499350863874224, 0.000498687904869058, 1.0000000116861e-07, 0.111715172451273, 0, 0
],
"gam": [
0.335970841967607, 0.761326857763994, 0.999986964333312, 0.761326857763994, 0.085938080498123, 0.761326857763994, 0.335970841967607, 0.999986964333312, 0.761326857763994, 0.761326857763994, 
0.999986964333312, 0.335970841967607, 0.761326857763994, 0.761326857763994, 0.999986964333312, 0.999986964333312, 0.999986964333312, 0.761326857763994, 0.761326857763994, 0.999973884350275, 
1, 1, 1, 1, 1, 1, 1
],
"dll": [
0, 0, 0, 0, 0, 0, 0, 0, 0, 0, 
0, 0, 0, 0, 0, 0, 0, 0, 0, 0, 
0, 0, 0, 0, 0, 0, 0
],
"dul": [
1000000, 1000000, 1000000, 1000000, 1000000, 1000000, 1000000, 1000000, 1000000, 1000000, 
1000000, 1000000, 1000000, 1000000, 1000000, 1000000, 1000000, 1000000, 1000000, 1000000, 
1000000, 1000000, 1000000, 1.0000000116861e-07, 1000000, 0, 1000000
],
"aPH": [
0, 0, 0, 0, 0, 0
],
"xPH": [
55.8076399977708, 0.499849551779093, 1.0000000116861e-07, 0.111715172451273, 0, 0
],
"vPS": [
0.00100486626710272, 0.0123911262144982
],
"mPS": [
1.00874970068532, 0.0140044724673643
],
"xPA": [
55.5231695171329, 0
],
"amru": [
1000000, 1000000
],
"amrl": [
0, 0
],
"omPH": [
-1.3336364387877e-10, 6.69800643011998e-11, 0.673041935100151, -1.166203635868e-10, -0.966416442909106, -1.99841548634735
],
"bPS": [
0.00898312633112686, 0.100000001, 111.077907015964, 0.143194204655751, 0.0012982722515521, 55.5919943761592, 0.00898322633112806, -1.77971768153797e-17, 
0, 0, 0, 0, 0.998701727748448, 0.000997375809738116, 0, 0
]
}
