{
"NodeHandle": 0,
"NodeTypeHY": 0,
"NodeTypeMT": 0,
"NodeStatusFMT": 1,
"NodeStatusCH": 1,
"IterDone": 0,
"TK": 298.15,
"P": 100000,
"Vs": 0.0134072569457676,
"Vi": 0,
"Ms": 1.04986703214523,
"Mi": 0,
"Hs": 0,
"Hi": 0,
"Gs": -5504.55737320843,
"IS": 0.100001397837771,
"pH": 7.26087095360871,
"pe": 12.7657348298834,
"Eh": 0.753693506410359,
"Tm": 0,
"dt": 0,
"Dif": 0,
"Vt": 0,
"vp": 0,
"eps": 0,
"Km": 0,
"Kf": 0,
"S": 0,
"Tr": 0,
"h": 0,
"rho": 0,
"al": 0,
"at": 0,
"av": 0,
"hDl": 0,
"hDt": 0,
"hDv": 0,
"nto": 0,
"bIC": [
0.232413571233674, 0.100000001, 111.481575133336, 0.100001332222681, 1, 56.5552357315973, 0.232413571233674, 0
],
"rMB": [
-8.32667268468867e-17, 0, 1.17683640610267e-14, 0, 0, -6.88338275267597e-15, -5.55111512312578e-17, 2.0733791596899e-17
],
"uIC": [
-311.413921118971, -26.1173415466088, -46.1129640342407, -137.585346387104, -0.000499087178177206, -3.45504080837831, -342.764355984746, 29.3941907815388
],
"bSP": [
0.232412264234468, 0, 0.464824628451967, 0, 0, 1.04585503908056, 0.232412164251437, 0
],
"xDC": [
3.35754229605341e-10, 6.71685129968422e-09, 1.38402120298756e-07, 1.15512312622859e-06, 5.76642969662423e-12, 6.41542251741524e-09, 1.65052758793149e-13, 9.37241752102338e-09, 0.100001322850264, 5.03529708897664e-09, 
1.39553134333589e-06, 9.01721124060047e-15, 3.10793519404831e-29, 0.100000001, 0.000648958861295557, 0, 1.31173747099089e-06, 2.32965076559218e-07, 7.02826877561196e-08, 55.5083750242454, 
0, 0.499351041138704, 0.000498688262537671, 9.9983031004684e-08, 0.116206082125718, 0, 0
],
"gam": [
0.371464468374247, 0.780687456924629, 0.999993497803121, 0.780687456924629, 0.10772522421199, 0.780687456924629, 0.371464468374247, 0.999993497803121, 0.780687456924629, 0.780687456924629, 
0.999993497803121, 0.371464468374247, 0.780687456924629, 0.780687456924629, 0.999993497803121, 0.999993497803121, 0.999993497803121, 0.780687456924629, 0.780687456924629, 0.999986979988459, 
1, 1, 1, 1, 1, 1, 1
],
"dll": [
0, 0, 0, 0, 0, 0, 0, 0, 0, 0, 
0, 0, 0, 0, 0, 0, 0, 0, 0, 0, 
0, 0, 0, 0, 0, 0, 0
],
"dul": [
1000000, 1000000, 1000000, 1000000, 1000000, 1000000, 1000000, 1000000, 1000000, 1000000, 
1000000, 1000000, 1000000, 1000000, 1000000, 1000000, 1000000, 1000000, 1000000, 1000000, 
1000000, 1000000, 1000000, 1.0000000116861e-07, 1000000, 0, 1000000
],
"aPH": [
0, 0, 0, 0, 0, 0
],
"xPH": [
55.7090296388804, 0.499849729401242, 9.9983031004684e-08, 0.116206082125718, 0, 0
],
"vPS": [
0.00100458241265631, 0.0123911306177001
],
"mPS": [
1.00586272851521, 0.0140044774445899
],
"xPA": [
55.5083750242454, 0
],
"amru": [
1000000, 1000000
],
"amrl": [
0, 0
],
"omPH": [
8.58830041703866e-12, 1.58075451296938e-11, 1.81619351530717, -1.53848032579188e-10, -2.10923901563083, -3.14123805906906
],
"bPS": [
1.30699920605651e-06, 0.100000001, 111.016750504884, 0.100001332222681, 0.00129791772259111, 55.5083833159917, 1.40698223701225e-06, -2.0733791596899e-17, 
0, 0, 0, 0, 0.998702082277409, 0.000997376525075341, 0, 0
]
}
