{
"NodeHandle": 0,
"NodeTypeHY": 0,
"NodeTypeMT": 0,
"NodeStatusFMT": 1,
"NodeStatusCH": 1,
"IterDone": 0,
"TK": 298.15,
"P": 100000,
"Vs": 0.0134072569464547,
"Vi": 0,
"Ms": 1.04986705786098,
"Mi": 0,
"Hs": 0,
"Hi": 0,
"Gs": -5504.55749344287,
"IS": 0.100001998459833,
"pH": 7.5002429128751,
"pe": 12.5263628770899,
"Eh": 0.739560901523811,
"Tm": 0,
"dt": 0,
"Dif": 0,
"Vt": 0,
"vp": 0,
"eps": 0,
"Km": 0,
"Kf": 0,
"S": 0,
"Tr": 0,
"h": 0,
"rho": 0,
"al": 0,
"at": 0,
"av": 0,
"hDl": 0,
"hDt": 0,
"hDv": 0,
"nto": 0,
"bIC": [
0.232413571233674, 0.100000001, 111.481575776276, 0.100001975162148, 1, 56.5552363745368, 0.232413571233674, 0
],
"rMB": [
-2.77555756156289e-17, 0, 5.77315972805081e-15, 1.38777878078145e-17, 0, 5.10702591327572e-15, -5.55111512312578e-17, 1.50450256789105e-18
],
"uIC": [
-311.654942479022, -26.668516283046, -46.1129640491453, -137.034166180542, -0.000499087188455511, -3.45504080677729, -342.523334601541, 28.8430164902094
],
"bSP": [
0.23241187282325, 0, 0.464823845646501, 0, 0, 1.04585327770462, 0.232411772823249, 0
],
"xDC": [
8.75745475193348e-11, 3.04283840242343e-09, 1.08718772322977e-07, 1.57542227834673e-06, 8.67443764964399e-13, 1.11380382032824e-08, 5.48422139999888e-14, 1.62717508382233e-08, 0.100001958890398, 1.11149280297499e-08, 
1.7761573696625e-06, 3.45714452817864e-14, 3.10793518591862e-29, 0.100000001, 0.000648958858701503, 0, 1.3117374639502e-06, 4.03921071794887e-07, 4.04852883669249e-08, 55.5083756750149, 
0, 0.499351041141299, 0.000498688262550743, 1.00000001168609e-07, 0.116205886411624, 0, 0
],
"gam": [
0.371463824540248, 0.780687118587293, 0.999993497702269, 0.780687118587293, 0.10772480412228, 0.780687118587293, 0.371463824540248, 0.999993497702269, 0.780687118587293, 0.780687118587293, 
0.999993497702269, 0.371463824540248, 0.780687118587293, 0.780687118587293, 0.999993497702269, 0.999993497702269, 0.999993497702269, 0.780687118587293, 0.780687118587293, 0.999986979786393, 
1, 1, 1, 1, 1, 1, 1
],
"dll": [
0, 0, 0, 0, 0, 0, 0, 0, 0, 0, 
0, 0, 0, 0, 0, 0, 0, 0, 0, 0, 
0, 0, 0, 0, 0, 0, 0
],
"dul": [
1000000, 1000000, 1000000, 1000000, 1000000, 1000000, 1000000, 1000000, 1000000, 1000000, 
1000000, 1000000, 1000000, 1000000, 1000000, 1000000, 1000000, 1000000, 1000000, 1000000, 
1000000, 1000000, 1000000, 1.0000000116861e-07, 1000000, 0, 1000000
],
"aPH": [
0, 0, 0, 0, 0, 0
],
"xPH": [
55.7090318518623, 0.499849729403849, 1.00000001168609e-07, 0.116205886411624, 0, 0
],
"vPS": [
0.00100458243272056, 0.0123911306177647
],
"mPS": [
1.00586280475521, 0.014004477444663
],
"xPA": [
55.5083756750149, 0
],
"amru": [
1000000, 1000000
],
"amrl": [
0, 0
],
"omPH": [
5.06175487190871e-12, 8.27624404886807e-12, 1.71151925150049, 3.23495606195403e-10, -2.00456475771078, -3.03656380114902
],
"bPS": [
1.69841042410891e-06, 0.100000001, 111.016751930629, 0.100001975162148, 0.00129791771740301, 55.5083857203071, 1.79841042530919e-06, -1.50450256789105e-18, 
0, 0, 0, 0, 0.998702082282597, 0.000997376525101485, 0, 0
]
}
