{
"NodeHandle": 0,
"NodeTypeHY": 0,
"NodeTypeMT": 0,
"NodeStatusFMT": 1,
"NodeStatusCH": 1,
"IterDone": 0,
"TK": 298.15,
"P": 100000,
"Vs": 0.0134072568666056,
"Vi": 0,
"Ms": 1.04986800122389,
"Mi": 0,
"Hs": 0,
"Hi": 0,
"Gs": -5504.56183998011,
"IS": 0.100025019870868,
"pH": 8.99966631905355,
"pe": 11.0269396800326,
"Eh": 0.651034424823255,
"Tm": 0,
"dt": 0,
"Dif": 0,
"Vt": 0,
"vp": 0,
"eps": 0,
"Km": 0,
"Kf": 0,
"S": 0,
"Tr": 0,
"h": 0,
"rho": 0,
"al": 0,
"at": 0,
"av": 0,
"hDl": 0,
"hDt": 0,
"hDv": 0,
"nto": 0,
"bIC": [
0.232413571233674, 0.100000001, 111.481599362029, 0.100025560915736, 1, 56.5552599602904, 0.232413571233674, 0
],
"rMB": [
2.77555756156289e-17, 0, -4.9960036108132e-15, 0, 0, -7.7715611723761e-15, -2.77555756156289e-17, -2.1096926987737e-17
],
"uIC": [
-313.237013811819, -30.1210826434584, -46.1129645306645, -133.581402674165, -0.000499087171159419, -3.45504080774797, -340.941262300382, 25.3904669813952
],
"bSP": [
0.232402970711724, 0, 0.464806041423449, 0, 0, 1.04581321820276, 0.232402870711723, 0
],
"xDC": [
1.80499162550137e-14, 1.98050526158827e-11, 2.23457874465892e-08, 1.0226398465048e-05, 5.66176490856244e-18, 3.51757874556222e-07, 5.49917885302113e-17, 5.13992113280706e-07, 0.100025046923623, 1.70786234767067e-06, 
8.64073397303635e-06, 1.67756083055545e-10, 3.10793519721319e-29, 0.100000001, 0.000648959035665795, 0, 1.31173782416259e-06, 1.27608711920513e-05, 1.2819270733763e-09, 55.5083891571262, 
0, 0.499351040964334, 0.000498688262182685, 1.0000000116861e-07, 0.116201435355861, 0, 0
],
"gam": [
0.37143915105633, 0.780674152485972, 0.999993494254533, 0.780674152485972, 0.107708705762477, 0.780674152485972, 0.37143915105633, 0.999993494254533, 0.780674152485972, 0.780674152485972, 
0.999993494254533, 0.37143915105633, 0.780674152485972, 0.780674152485972, 0.999993494254533, 0.999993494254533, 0.999993494254533, 0.780674152485972, 0.780674152485972, 0.999986972878502, 
1, 1, 1, 1, 1, 1, 1
],
"dll": [
0, 0, 0, 0, 0, 0, 0, 0, 0, 0, 
0, 0, 0, 0, 0, 0, 0, 0, 0, 0, 
0, 0, 0, 0, 0, 0, 0
],
"dul": [
1000000, 1000000, 1000000, 1000000, 1000000, 1000000, 1000000, 1000000, 1000000, 1000000, 
1000000, 1000000, 1000000, 1000000, 1000000, 1000000, 1000000, 1000000, 1000000, 1000000, 
1000000, 1000000, 1000000, 1.0000000116861e-07, 1000000, 0, 1000000
],
"aPH": [
0, 0, 0, 0, 0, 0
],
"xPH": [
55.7090987012546, 0.499849729226517, 1.0000000116861e-07, 0.116201435355861, 0, 0
],
"vPS": [
0.00100458279943535, 0.0123911306133687
],
"mPS": [
1.0058648972098, 0.0140044774396938
],
"xPA": [
55.5083891571262, 0
],
"amru": [
1000000, 1000000
],
"amrl": [
0, 0
],
"omPH": [
-2.9627514918751e-12, 2.2443275292248e-11, 1.02443377448883, 1.15386024260671e-09, -1.31747948961584, -2.34947853305408
],
"bPS": [
1.06005219501534e-05, 0.100000001, 111.016793320606, 0.100025560915736, 0.00129791807133159, 55.5084493655633, 1.07005219513463e-05, -1.03803163282593e-16, 
0, 0, 0, 0, 0.998702081928668, 0.000997376524365369, 0, 0
]
}
