{
"NodeHandle": 0,
"NodeTypeHY": 0,
"NodeTypeMT": 0,
"NodeStatusFMT": 1,
"NodeStatusCH": 1,
"IterDone": 0,
"TK": 298.15,
"P": 100000,
"Vs": 0.0134072503218643,
"Vi": 0,
"Ms": 1.04991664461555,
"Mi": 0,
"Hs": 0,
"Hi": 0,
"Gs": -5504.78097546308,
"IS": 0.101212997484496,
"pH": 10.7500593198178,
"pe": 9.27655615016093,
"Eh": 0.547691161174718,
"Tm": 0,
"dt": 0,
"Dif": 0,
"Vt": 0,
"vp": 0,
"eps": 0,
"Km": 0,
"Kf": 0,
"S": 0,
"Tr": 0,
"h": 0,
"rho": 0,
"al": 0,
"at": 0,
"av": 0,
"hDl": 0,
"hDt": 0,
"hDv": 0,
"nto": 0,
"bIC": [
0.232413571233674, 0.100000001, 111.482815533485, 0.10124173237183, 1, 56.5564761317465, 0.232413571233674, 0
],
"rMB": [
0, 0, -1.27675647831893e-15, 0, 1.11022302462516e-16, -1.77635683940025e-15, 2.77555756156289e-17, 7.12763353958044e-18
],
"uIC": [
-314.086547114067, -34.1523479606576, -46.1129863382005, -129.540052433606, -0.000499087185841133, -3.45504081231131, -340.091685308026, 21.3600599501078
],
"bSP": [
0.232147396516634, 0, 0.464294893033228, 0, 0, 1.04466313432491, 0.232147296516674, 0
],
"xDC": [
2.44387011677141e-18, 1.50570265682178e-13, 9.55519713232146e-09, 0.000246345664422378, 1.36757931908697e-23, 1.98194972699571e-05, 1.74128485390463e-20, 2.92522532237066e-05, 0.101212480118606, 0.000225000935905009, 
2.02067654956877e-05, 1.24751832957204e-06, 3.10793511780322e-29, 0.100000001, 0.000648963614869624, 0, 1.31174706325618e-06, 0.00071881800729108, 2.27911915966547e-11, 55.5087737798389, 
0, 0.49935103638513, 0.00049868825293767, 9.99999602006751e-08, 0.116073648258337, 0, 0
],
"gam": [
0.370176567637701, 0.780009803042486, 0.999993337303358, 0.780009803042486, 0.106886706778211, 0.780009803042486, 0.370176567637701, 0.999993337303358, 0.780009803042486, 0.780009803042486, 
0.999993337303358, 0.370176567637701, 0.780009803042486, 0.780009803042486, 0.999993337303358, 0.999993337303358, 0.999993337303358, 0.780009803042486, 0.780009803042486, 0.999986658407298, 
1, 1, 1, 1, 1, 1, 1
],
"dll": [
0, 0, 0, 0, 0, 0, 0, 0, 0, 0, 
0, 0, 0, 0, 0, 0, 0, 0, 0, 0, 
0, 0, 0, 0, 0, 0, 0
],
"dul": [
1000000, 1000000, 1000000, 1000000, 1000000, 1000000, 1000000, 1000000, 1000000, 1000000, 
1000000, 1000000, 1000000, 1000000, 1000000, 1000000, 1000000, 1000000, 1000000, 1000000, 
1000000, 1000000, 1000000, 1.0000000116861e-07, 1000000, 0, 1000000
],
"aPH": [
0, 0, 0, 0, 0, 0
],
"xPH": [
55.7118972365395, 0.499849724638068, 9.99999602006751e-08, 0.116073648258337, 0, 0
],
"vPS": [
0.00100458906281061, 0.0123911304996224
],
"mPS": [
1.00594653030896, 0.014004477311119
],
"xPA": [
55.5087737798389, 0
],
"amru": [
1000000, 1000000
],
"amrl": [
0, 0
],
"omPH": [
-2.57128082892393e-10, 5.74912749005933e-12, 0.655457731272527, 4.84918530372315e-08, -0.948512894613961, -1.9805119380522
],
"bPS": [
0.000266174717040038, 0.100000001, 111.018520640452, 0.10124173237183, 0.00129792722973925, 55.5108156209157, 0.000266274717000225, -7.12763353958044e-18, 
0, 0, 0, 0, 0.998702072770261, 0.000997376505875341, 0, 0
]
}
