{
"NodeHandle": 0,
"NodeTypeHY": 0,
"NodeTypeMT": 0,
"NodeStatusFMT": 1,
"NodeStatusCH": 1,
"IterDone": 0,
"TK": 298.15,
"P": 100000,
"Vs": 0.0134072569092391,
"Vi": 0,
"Ms": 1.04986761108186,
"Mi": 0,
"Hs": 0,
"Hi": 0,
"Gs": -5504.5600494988,
"IS": 0.100015498961286,
"pH": 8.75064650601269,
"pe": 11.2759594101598,
"Eh": 0.665736637901151,
"Tm": 0,
"dt": 0,
"Dif": 0,
"Vt": 0,
"vp": 0,
"eps": 0,
"Km": 0,
"Kf": 0,
"S": 0,
"Tr": 0,
"h": 0,
"rho": 0,
"al": 0,
"at": 0,
"av": 0,
"hDl": 0,
"hDt": 0,
"hDv": 0,
"nto": 0,
"bIC": [
0.232413571233674, 0.100000001, 111.481589607783, 0.100015806669696, 1, 56.5552502060443, 0.232413571233674, 0
],
"rMB": [
2.77555756156289e-17, 0, 3.07531777821168e-14, 1.38777878078145e-17, -1.11022302462516e-16, 1.93178806284777e-14, 2.77555756156289e-17, -8.33926559961612e-18
],
"uIC": [
-312.990391752469, -29.5476865743968, -46.1129643397486, -134.154880124272, -0.000499087265585676, -3.45504080719111, -341.187884745707, 25.9638561010398
],
"bSP": [
0.232405969172151, 0, 0.464812038344303, 0, 0, 1.04582671127468, 0.23240586917215, 0
],
"xDC": [
7.27119808699527e-14, 4.49673165367599e-11, 2.85957447919939e-08, 7.37516667514161e-06, 4.04656293029944e-17, 1.9825406260198e-07, 1.73110398485148e-16, 2.89667421746552e-07, 0.100015517002274, 7.52140994771986e-07, 
6.75162482518808e-06, 4.16412221309408e-11, 3.10793517826956e-29, 0.100000001, 0.000648958887834757, 0, 1.31173752098624e-06, 7.19267683670777e-06, 2.27446400737161e-09, 55.5083846520417, 
0, 0.499351041112165, 0.000498688262483014, 1.0000000116861e-07, 0.116202934586075, 0, 0
],
"gam": [
0.371449354229885, 0.780679514374692, 0.999993495622182, 0.780679514374692, 0.107715362728864, 0.780679514374692, 0.371449354229885, 0.999993495622182, 0.780679514374692, 0.780679514374692, 
0.999993495622182, 0.371449354229885, 0.780679514374692, 0.780679514374692, 0.999993495622182, 0.999993495622182, 0.999993495622182, 0.780679514374692, 0.780679514374692, 0.999986975618725, 
1, 1, 1, 1, 1, 1, 1
],
"dll": [
0, 0, 0, 0, 0, 0, 0, 0, 0, 0, 
0, 0, 0, 0, 0, 0, 0, 0, 0, 0, 
0, 0, 0, 0, 0, 0, 0
],
"dul": [
1000000, 1000000, 1000000, 1000000, 1000000, 1000000, 1000000, 1000000, 1000000, 1000000, 
1000000, 1000000, 1000000, 1000000, 1000000, 1000000, 1000000, 1000000, 1000000, 1000000, 
1000000, 1000000, 1000000, 1.0000000116861e-07, 1000000, 0, 1000000
],
"aPH": [
0, 0, 0, 0, 0, 0
],
"xPH": [
55.709073031157, 0.499849729374648, 1.0000000116861e-07, 0.116202934586075, 0, 0
],
"vPS": [
0.00100458268946316, 0.0123911306170408
],
"mPS": [
1.00586412002162, 0.0140044774438447
],
"xPA": [
55.5083846520417, 0
],
"amru": [
1000000, 1000000
],
"amrl": [
0, 0
],
"omPH": [
1.18754998849481e-11, -5.90099460156843e-11, 1.13154062322427, -2.68987189217755e-10, -1.42458625602805, -2.45658529946629
],
"bPS": [
7.60206152273721e-06, 0.100000001, 111.016777569439, 0.100015806669696, 0.00129791777566951, 55.5084261182447, 7.70206152395728e-06, -1.026830368629e-16, 
0, 0, 0, 0, 0.998702082224331, 0.000997376524966028, 0, 0
]
}
