{
"NodeHandle": 0,
"NodeTypeHY": 0,
"NodeTypeMT": 0,
"NodeStatusFMT": 1,
"NodeStatusCH": 1,
"IterDone": 0,
"TK": 298.15,
"P": 100000,
"Vs": 0.0134072569432388,
"Vi": 0,
"Ms": 1.04986715216632,
"Mi": 0,
"Hs": 0,
"Hi": 0,
"Gs": -5504.55793222924,
"IS": 0.100004286987583,
"pH": 7.99999849545038,
"pe": 12.0266073171726,
"Eh": 0.710055156236005,
"Tm": 0,
"dt": 0,
"Dif": 0,
"Vt": 0,
"vp": 0,
"eps": 0,
"Km": 0,
"Kf": 0,
"S": 0,
"Tr": 0,
"h": 0,
"rho": 0,
"al": 0,
"at": 0,
"av": 0,
"hDl": 0,
"hDt": 0,
"hDv": 0,
"nto": 0,
"bIC": [
0.232413571233674, 0.100000001, 111.481578134077, 0.100004332963637, 1, 56.5552387323383, 0.232413571233674, 0
],
"rMB": [
5.55111512312578e-17, 0, 4.66293670342566e-15, 0, 0, 1.04360964314765e-14, 0, -1.61866341859072e-17
],
"uIC": [
-312.187911632847, -27.8192476762222, -46.112964101317, -135.883414938395, -0.000499087172243633, -3.45504080761205, -341.990365339995, 27.6922867854095
],
"bSP": [
0.232410549925235, 0, 0.464821199850472, 0, 0, 1.04584732466356, 0.232410449925234, 0
],
"xDC": [
5.14517798706115e-12, 5.65007544057948e-10, 6.37991231762145e-08, 2.92173682373999e-06, 1.61254055841978e-14, 3.52023173714216e-08, 5.49040164837475e-15, 5.142894940627e-08, 0.100004281534688, 5.9860176633924e-08, 
3.02624535191041e-06, 5.88438031459314e-13, 3.10793519978564e-29, 0.100000001, 0.000648958899173755, 0, 1.31173754879921e-06, 1.27711878542358e-06, 1.28092351091282e-08, 55.5083777346027, 
0, 0.499351041100826, 0.000498688262447385, 1.0000000116861e-07, 0.116205224962617, 0, 0
],
"gam": [
0.37146137141599, 0.78068582946143, 0.999993497326127, 0.78068582946143, 0.107723203511575, 0.78068582946143, 0.37146137141599, 0.999993497326127, 0.78068582946143, 0.78068582946143, 
0.999993497326127, 0.37146137141599, 0.78068582946143, 0.78068582946143, 0.999993497326127, 0.999993497326127, 0.999993497326127, 0.78068582946143, 0.78068582946143, 0.999986979032753, 
1, 1, 1, 1, 1, 1, 1
],
"dll": [
0, 0, 0, 0, 0, 0, 0, 0, 0, 0, 
0, 0, 0, 0, 0, 0, 0, 0, 0, 0, 
0, 0, 0, 0, 0, 0, 0
],
"dul": [
1000000, 1000000, 1000000, 1000000, 1000000, 1000000, 1000000, 1000000, 1000000, 1000000, 
1000000, 1000000, 1000000, 1000000, 1000000, 1000000, 1000000, 1000000, 1000000, 1000000, 
1000000, 1000000, 1000000, 1.0000000116861e-07, 1000000, 0, 1000000
],
"aPH": [
0, 0, 0, 0, 0, 0
],
"xPH": [
55.7090397365456, 0.499849729363274, 1.0000000116861e-07, 0.116205224962617, 0, 0
],
"vPS": [
0.00100458249621885, 0.0123911306167589
],
"mPS": [
1.00586306982168, 0.0140044774435259
],
"xPA": [
55.5083777346027, 0
],
"amru": [
1000000, 1000000
],
"amrl": [
0, 0
],
"omPH": [
8.38714170751957e-12, 2.16203182323332e-11, 1.48005362038948, -5.72733368939105e-12, -1.77309914960356, -2.8050981930418
],
"bPS": [
3.02130843862548e-06, 0.100000001, 111.016756934227, 0.100004332963637, 0.00129791779834751, 55.5083940311498, 3.12130843984419e-06, 1.61866341859072e-17, 
0, 0, 0, 0, 0.998702082201652, 0.000997376524894771, 0, 0
]
}
