{
"NodeHandle": 0,
"NodeTypeHY": 0,
"NodeTypeMT": 0,
"NodeStatusFMT": 1,
"NodeStatusCH": 1,
"IterDone": 0,
"TK": 298.15,
"P": 100000,
"Vs": 0.0134072569723493,
"Vi": 0,
"Ms": 1.04986704786456,
"Mi": 0,
"Hs": 0,
"Hi": 0,
"Gs": -5504.55725528207,
"IS": 0.10000235684566,
"pH": 6.00044606151476,
"pe": 14.0261597239893,
"Eh": 0.828109438643401,
"Tm": 0,
"dt": 0,
"Dif": 0,
"Vt": 0,
"vp": 0,
"eps": 0,
"Km": 0,
"Kf": 0,
"S": 0,
"Tr": 0,
"h": 0,
"rho": 0,
"al": 0,
"at": 0,
"av": 0,
"hDl": 0,
"hDt": 0,
"hDv": 0,
"nto": 0,
"bIC": [
0.232413571233674, 0.100001892460315, 111.481575693574, 0.100000001, 1, 56.5552344003746, 0.232413571233674, 0
],
"rMB": [
8.32667268468867e-17, 0, 1.00475183728577e-14, 0, 1.11022302462516e-16, -1.28785870856518e-14, -8.32667268468867e-17, -1.94057365798328e-17
],
"uIC": [
-310.931685738508, -23.2150877300443, -46.1129640388735, -140.487595864567, -0.000499087196369461, -3.45504080759881, -343.246591359049, 32.2964263595818
],
"bSP": [
0.232412808897897, 0, 0.464825717795794, 0, 0, 1.04585749004053, 0.232412708897895, 0
],
"xDC": [
1.80358902659427e-07, 1.98264489083671e-07, 2.24109642852451e-07, 1.0273124235927e-07, 5.64643263103126e-08, 3.52382306255286e-10, 5.47916860745264e-11, 5.14793723354955e-10, 0.100000000485206, 1.70605076361481e-10, 
8.61757999434233e-07, 1.67878963068553e-17, 3.1079946581882e-29, 0.100001892460315, 0.000648958832796538, 0, 1.31173741214499e-06, 1.27842650262803e-08, 1.27952874696601e-06, 55.5083741391282, 
0, 0.499351041167203, 0.000498688262587696, 1.0000000116861e-07, 0.116206354448948, 0, 0
],
"gam": [
0.371463440421354, 0.780686916807592, 0.999993497772787, 0.780686916807592, 0.107724553474682, 0.780686916807592, 0.371463440421354, 0.999993497772787, 0.780686916807592, 0.780686916807592, 
0.999993497772787, 0.371463440421354, 0.780686916807592, 0.780686916807592, 0.999993497772787, 0.999993497772787, 0.999993497772787, 0.780686916807592, 0.780686916807592, 0.999986979927682, 
1, 1, 1, 1, 1, 1, 1
],
"dll": [
0, 0, 0, 0, 0, 0, 0, 0, 0, 0, 
0, 0, 0, 0, 0, 0, 0, 0, 0, 0, 
0, 0, 0, 0, 0, 0, 0
],
"dul": [
1000000, 1000000, 1000000, 1000000, 1000000, 1000000, 1000000, 1000000, 1000000, 1000000, 
1000000, 1000000, 1000000, 1000000, 1000000, 1000000, 1000000, 1000000, 1000000, 1000000, 
1000000, 1000000, 1000000, 1.0000000116861e-07, 1000000, 0, 1000000
],
"aPH": [
0, 0, 0, 0, 0, 0
],
"xPH": [
55.7090292197361, 0.499849729429791, 1.0000000116861e-07, 0.116206354448948, 0, 0
],
"vPS": [
0.00100458241147716, 0.0123911306184078
],
"mPS": [
1.00586267392932, 0.0140044774453899
],
"xPA": [
55.5083741391282, 0
],
"amru": [
1000000, 1000000
],
"amrl": [
0, 0
],
"omPH": [
6.62454396418394e-12, 6.97208758317467e-13, 2.02562567456518, 1.95519322454601e-10, -2.31867117655687, -3.35067021999511
],
"bPS": [
7.62335777257462e-07, 0.100001892460315, 111.016749975778, 0.100000001, 0.00129791766559308, 55.5083795338089, 8.62335778502924e-07, 4.71613121954617e-17, 
0, 0, 0, 0, 0.998702082334407, 0.000997376525175393, 0, 0
]
}
