{
"NodeHandle": 0,
"NodeTypeHY": 0,
"NodeTypeMT": 0,
"NodeStatusFMT": 1,
"NodeStatusCH": 1,
"IterDone": 0,
"TK": 298.15,
"P": 100000,
"Vs": 0.0134072599264477,
"Vi": 0,
"Ms": 1.04987992308513,
"Mi": 0,
"Hs": 0,
"Hi": 0,
"Gs": -5504.58065891404,
"IS": 0.100632187644188,
"pH": 4.25005598417411,
"pe": 15.7765522097882,
"Eh": 0.931453231053049,
"Tm": 0,
"dt": 0,
"Dif": 0,
"Vt": 0,
"vp": 0,
"eps": 0,
"Km": 0,
"Kf": 0,
"S": 0,
"Tr": 0,
"h": 0,
"rho": 0,
"al": 0,
"at": 0,
"av": 0,
"hDl": 0,
"hDt": 0,
"hDv": 0,
"nto": 0,
"bIC": [
0.232413571233674, 0.100355016032449, 111.481928817146, 0.100000001, 1, 56.5552344003746, 0.232413571233674, 0
],
"rMB": [
-2.77555756156289e-17, 0, -7.66053886991358e-15, 0, 0, 1.77635683940025e-14, 5.55111512312578e-17, 5.38035328095932e-18
],
"uIC": [
-315.644767914536, -19.1815921654039, -46.1129695845534, -144.51848054997, -0.000499087382964238, -3.45504080988995, -338.533498046654, 36.3268540126536
],
"bSP": [
0.23231739543613, 0, 0.464634790872261, 0, 0, 1.04542827946259, 0.23231739543613, 0
],
"xDC": [
5.13788535291529e-06, 1.00208980795846e-07, 2.01150804151848e-09, 1.63908261608073e-11, 9.0761774432532e-05, 6.26364191031121e-12, 1.73894614717731e-07, 9.14205335933077e-12, 0.100000000990858, 3.37818693359198e-10, 
9.60015588463651e-05, 5.91411418743269e-19, 3.11891688989442e-29, 0.100355016032449, 0.000648961407603342, 0, 1.311742593959e-06, 2.27238059322074e-10, 7.2006537089101e-05, 55.5086083526855, 
0, 0.499351038592397, 0.000498688257398249, 0, 0.116158697718065, 0, 0
],
"gam": [
0.370791272294662, 0.780333487768717, 0.999993458044384, 0.780333487768717, 0.107286464412968, 0.780333487768717, 0.370791272294662, 0.999993458044384, 0.780333487768717, 0.780333487768717, 
0.999993458044384, 0.370791272294662, 0.780333487768717, 0.780333487768717, 0.999993458044384, 0.999993458044384, 0.999993458044384, 0.780333487768717, 0.780333487768717, 0.999986900327564, 
1, 1, 1, 1, 1, 1, 1
],
"dll": [
0, 0, 0, 0, 0, 0, 0, 0, 0, 0, 
0, 0, 0, 0, 0, 0, 0, 0, 0, 0, 
0, 0, 0, 0, 0, 0, 0
],
"dul": [
1000000, 1000000, 1000000, 1000000, 1000000, 1000000, 1000000, 1000000, 1000000, 1000000, 
1000000, 1000000, 1000000, 1000000, 1000000, 1000000, 1000000, 1000000, 1000000, 1000000, 
1000000, 1000000, 1000000, 1.0000000116861e-07, 1000000, 0, 1000000
],
"aPH": [
0, 0, 0, 0, 0, 0
],
"xPH": [
55.7098778273267, 0.499849726849795, 0, 0.116158697718065, 0, 0
],
"vPS": [
0.00100459016694817, 0.0123911305544505
],
"mPS": [
1.00588786010725, 0.0140044773730947
],
"xPA": [
55.5086083526855, 0
],
"amru": [
1000000, 1000000
],
"amrl": [
0, 0
],
"omPH": [
-1.79558835069555e-10, -1.63200658949716e-10, -0.0212471313480638, 3.03331440894295e-08, -0.271800764530516, -1.30379980796876
],
"bPS": [
9.61757975434704e-05, 0.100355016032449, 111.017294026274, 0.100000001, 0.00129792281520668, 55.5088087443972, 9.61757975434181e-05, -5.38035328095932e-18, 
0, 0, 0, 0, 0.998702077184793, 0.000997376514796498, 0, 0
]
}
