{
"nIC": 8,
"nDC": 27,
"nPH": 6,
"nPS": 2,
"nDCs": 23,
"nICb": 8,
"nDCb": 27,
"nPHb": 6,
"nPSb": 2,
"nTp": 1,
"nPp": 1,
"iGrd": 0,
"fAalp": 1,
"mLook": 0,
"xic": [
0, 1, 2, 3, 4, 5, 6, 7
],
"xdc": [
0, 1, 2, 3, 4, 5, 6, 7, 8, 9, 
10, 11, 12, 13, 14, 15, 16, 17, 18, 19, 
20, 21, 22, 23, 24, 25, 26
],
"xph": [
0, 1, 2, 3, 4, 5
],
"ICNL": [
"Al", "Cl", "H", "Na", "Nit", "O", "Si", "Zz"
],
"ccIC": [
"e", "e", "h", "e", "a", "o", "e", "z"
],
"ICmm": [
0.0269815406799316, 0.0354529991149902, 0.00100794994831085, 0.0229897994995117, 0.0140066995620728, 0.015999400138855, 0.0280855007171631, 0
],
"DCNL": [
"Al(OH)+2", "Al(OH)2+", "Al(OH)3@", "Al(OH)4-", "Al+3", "AlSiO4-", "HAlSiO3+2", "Na(OH)@", "Na+", "HSiO3-", 
"SiO2@", "SiO3-2", "ClO4-", "Cl-", "Nit2@", "H2@", "O2@", "OH-", "H+", "H2O@", 
"H2", "N2-atm", "O2", "gibbsite", "kaolinite", "quartz", "SiO2(am)"
],
"ccDC": [
"S", "S", "S", "S", "S", "S", "S", "S", "S", "S", 
"S", "S", "S", "S", "S", "S", "S", "S", "T", "W", 
"G", "G", "G", "O", "O", "O", "O"
],
"DCmm": [
0.0439888907670975, 0.0429809408187866, 0.0599882909059525, 0.0589803409576416, 0.0269815406799316, 0.119064641952515, 0.104073191761971, 0.0399971495866775, 0.0229897994995117, 0.0770916510820389, 
0.060084300994873, 0.076083701133728, 0.0994505996704102, 0.0354529991149902, 0.0280133991241455, 0.0020158998966217, 0.03199880027771, 0.0170073500871658, 0.00100794994831085, 0.0180153000354767, 
0.0020158998966217, 0.0280133991241455, 0.03199880027771, 0.0780035909414291, 0.258160483837128, 0.060084300994873, 0.060084300994873
],
"PHNL": [
"aq_gen", "gas_gen", "Gibbsite", "Kaolinite", "Quartz", "Silica-amorph"
],
"ccPH": [
"a", "g", "s", "s", "s", "s"
],
"nDCinPH": [
20, 3, 1, 1, 1, 1
],
"A": [
1, 0, 1, 0, 0, 1, 0, 2, 
1, 0, 0, 0, 0, 1, 0, 1, 
1, 0, 1, 0, 0, 2, 0, 0, 
1, 0, 0, 0, 0, 2, 0, -1, 
1, 0, 0, 0, 0, 0, 0, 3, 
1, 0, 0, 0, 0, 4, 1, -1, 
1, 0, 1, 0, 0, 3, 1, 2, 
0, 0, 1, 1, 0, 1, 0, 0, 
0, 0, 0, 1, 0, 0, 0, 1, 
0, 0, 1, 0, 0, 3, 1, -1, 
0, 0, 0, 0, 0, 2, 1, 0, 
0, 0, 0, 0, 0, 3, 1, -2, 
0, 1, 0, 0, 0, 4, 0, -1, 
0, 1, 0, 0, 0, 0, 0, -1, 
0, 0, 0, 0, 2, 0, 0, 0, 
0, 0, 2, 0, 0, 0, 0, 0, 
0, 0, 0, 0, 0, 2, 0, 0, 
0, 0, 1, 0, 0, 1, 0, -1, 
0, 0, 1, 0, 0, 0, 0, 1, 
0, 0, 2, 0, 0, 1, 0, 0, 
0, 0, 2, 0, 0, 0, 0, 0, 
0, 0, 0, 0, 2, 0, 0, 0, 
0, 0, 0, 0, 0, 2, 0, 0, 
1, 0, 3, 0, 0, 3, 0, 0, 
2, 0, 4, 0, 0, 9, 2, 0, 
0, 0, 0, 0, 0, 2, 1, 0, 
0, 0, 0, 0, 0, 2, 1, 0
],
"Ttol": 0.1,
"TKval": [
298.15
],
"Psat": [
3168.73733474928
],
"Ptol": 10000,
"Pval": [
100000
],
"denW": [
997.061364306278, 
-0.25866418191325, 
-0.00946964566451448, 
0.0450858902637571, 
0
],
"denWg": [
0.767104546309221, 
-0, 
0, 
0, 
0
],
"epsW": [
78.2451456494471, 
-0.355010888388417, 
0.00135076186526265, 
0.00406162824448407, 
0
],
"epsWg": [
0, 
0, 
0, 
0, 
0
],
"V0": [
-2.72751155835722e-06, 
3.07336406943463e-07, 
1.30094459034099e-05, 
9.46735262367419e-06, 
-4.52428720605177e-05, 
2.55306053161621e-05, 
-4.07170057296753e-05, 
3.50925587536806e-06, 
-1.20796344838775e-06, 
4.52586740947047e-06, 
1.60632540244942e-05, 
3.41316509246826e-05, 
4.39042028119618e-05, 
1.7340894051096e-05, 
3.34069131302658e-05, 
2.52643576113497e-05, 
3.05008890803284e-05, 
-4.70784300725686e-06, 
0, 
1.80683971876364e-05, 
0.024789711565, 
0.024789711565, 
0.024789711565, 
3.1956000328064e-05, 
9.93400001525879e-05, 
2.26900005340576e-05, 
1.60632538795471e-05
],
"G0": [
-692595.00090732, 
-660420.00050345, 
-864276.99998422, 
-827479.00091632, 
-483708.00144829, 
-1681439, 
-1540546, 
-418123.95998422, 
-261881.00017392, 
-1014598.010816, 
-833410.90006792, 
-938509.80740419, 
-8535.3605102398, 
-131289.70076596, 
18193.540182443, 
17729.18010995, 
16445.700207431, 
-157270.40090727, 
0, 
-237181.38483664, 
0, 
0, 
0, 
-1150986, 
-3777713.51, 
-854793.22, 
-848902.52607195
],
"H0": [
-767272.330850356, 
-713640.96758837, 
-947124.533326078, 
-925570.494682413, 
-530629.949664398, 
-1823850, 
-1717550, 
-470135.39065188, 
-240280.450647479, 
-1144680.2523131, 
-877730.896182323, 
-1088611.89624891, 
-129326.999499664, 
-167111.06648022, 
-10367.857167558, 
-4018.11726756967, 
-12236.5067204094, 
-230009.16869265, 
0, 
-285837.30429999, 
0, 
0, 
0, 
-1289207.67646885, 
-4099227.72361599, 
-909194.26299345, 
-892324.896248913
],
"S0": [
-184.932992628897, 
-112.967998974304, 
20.9199999714599, 
-30.2084938210448, 
-325.096975240679, 
45.1034965515137, 
-304.176971435547, 
44.7687987232909, 
58.4086010089844, 
20.9200054971221, 
75.3119969110968, 
-46.2259902954102, 
182.004001192221, 
56.7350438457505, 
95.8135974209308, 
57.7391998616971, 
108.951399378967, 
-10.7110335158716, 
0, 
69.9241798936394, 
130.682998657227, 
191.610000610352, 
205.136993408203, 
68.4502029418945, 
200.399993896484, 
41.5, 
78.3226470947266
],
"Cp0": [
55.971014925759, 
-125.107206518941, 
-209.212190765992, 
-49.0419224664928, 
-128.696352230021, 
-367.526123046875, 
-215.896301269531, 
-13.401419974351, 
38.118227155453, 
-87.1999486422324, 
-318.484187988628, 
-243.123657226562, 
-24.0031594584674, 
-122.490362897996, 
234.155323405206, 
166.852112064487, 
234.132884195387, 
-136.338084390688, 
0, 
75.3605258482016, 
28.8176721007834, 
29.1347219290407, 
29.3221550499352, 
105.463993756591, 
243.366866445798, 
44.5867514197975, 
-318.484191894531
],
"A0": [
0, 
0, 
0, 
0, 
0, 
0, 
0, 
0, 
0, 
0, 
0, 
0, 
0, 
0, 
0, 
0, 
0, 
0, 
0, 
0, 
0, 
0, 
0, 
0, 
0, 
0, 
0
],
"U0": [
0, 
0, 
0, 
0, 
0, 
0, 
0, 
0, 
0, 
0, 
0, 
0, 
0, 
0, 
0, 
0, 
0, 
0, 
0, 
0, 
0, 
0, 
0, 
0, 
0, 
0, 
0
]
}
