{
"NodeHandle": 0,
"NodeTypeHY": 0,
"NodeTypeMT": 0,
"NodeStatusFMT": 1,
"NodeStatusCH": 1,
"IterDone": 0,
"TK": 298.15,
"P": 100000,
"Vs": 0.0134072567875669,
"Vi": 0,
"Ms": 1.04986868200513,
"Mi": 0,
"Hs": 0,
"Hi": 0,
"Gs": -5504.56495448072,
"IS": 0.100041627356541,
"pH": 9.24997935430952,
"pe": 10.7766267853916,
"Eh": 0.636255862854374,
"Tm": 0,
"dt": 0,
"Dif": 0,
"Vt": 0,
"vp": 0,
"eps": 0,
"Km": 0,
"Kf": 0,
"S": 0,
"Tr": 0,
"h": 0,
"rho": 0,
"al": 0,
"at": 0,
"av": 0,
"hDl": 0,
"hDt": 0,
"hDv": 0,
"nto": 0,
"bIC": [
0.232413571233674, 0.100000001, 111.481616382773, 0.100042581659634, 1, 56.5552769810343, 0.232413571233674, 0
],
"rMB": [
-8.32667268468867e-17, 0, 2.08166817117217e-14, -1.38777878078145e-17, 0, -1.99840144432528e-15, -8.32667268468867e-17, -9.95071362512111e-18
],
"uIC": [
-313.462767556566, -30.6974614864927, -46.1129648544424, -133.004881891507, -0.000499087135373947, -3.45504080741374, -340.715507910062, 24.8141002404118
],
"bSP": [
0.232398406869763, 0, 0.464796913739527, 0, 0, 1.04579268091393, 0.232398306869762, 0
],
"xDC": [
4.54805665752669e-15, 8.88023344436436e-12, 1.78300368686613e-08, 1.45205412973266e-05, 8.01706647886552e-19, 6.25983692104056e-07, 1.73657088548371e-17, 9.14823112830361e-07, 0.100041666836521, 3.80878393782684e-06, 
1.08289304429398e-05, 6.65839373376274e-10, 3.10793517775617e-29, 0.100000001, 0.000648959152943688, 0, 1.31173805734303e-06, 2.27099251738185e-05, 7.20369409228e-10, 55.5083960084755, 
0, 0.499351040847056, 0.0004986882619549, 1.0000000116861e-07, 0.116199153434881, 0, 0
],
"gam": [
0.371421356745964, 0.780664801141466, 0.999993491939216, 0.780664801141466, 0.107697096566439, 0.780664801141466, 0.371421356745964, 0.999993491939216, 0.780664801141466, 0.780664801141466, 
0.999993491939216, 0.371421356745964, 0.780664801141466, 0.780664801141466, 0.999993491939216, 0.999993491939216, 0.999993491939216, 0.780664801141466, 0.780664801141466, 0.999986968239524, 
1, 1, 1, 1, 1, 1, 1
],
"dll": [
0, 0, 0, 0, 0, 0, 0, 0, 0, 0, 
0, 0, 0, 0, 0, 0, 0, 0, 0, 0, 
0, 0, 0, 0, 0, 0, 0
],
"dul": [
1000000, 1000000, 1000000, 1000000, 1000000, 1000000, 1000000, 1000000, 1000000, 1000000, 
1000000, 1000000, 1000000, 1000000, 1000000, 1000000, 1000000, 1000000, 1000000, 1000000, 
1000000, 1000000, 1000000, 1.0000000116861e-07, 1000000, 0, 1000000
],
"aPH": [
0, 0, 0, 0, 0, 0
],
"xPH": [
55.7091413754158, 0.499849729109011, 1.0000000116861e-07, 0.116199153434881, 0, 0
],
"vPS": [
0.00100458294999558, 0.0123911306104558
],
"mPS": [
1.00586616709616, 0.0140044774364012
],
"xPA": [
55.5083960084755, 0
],
"amru": [
1000000, 1000000
],
"amrl": [
0, 0
],
"omPH": [
9.61434484153521e-14, 5.37847858471992e-11, 0.926389747670509, 7.37443585444423e-10, -1.21943560354808, -2.25143464698632
],
"bPS": [
1.51643639110808e-05, 0.100000001, 111.016819469034, 0.100042581659634, 0.00129791830588738, 55.5084869235965, 1.52643639122441e-05, -3.16826497983223e-17, 
0, 0, 0, 0, 0.998702081694113, 0.0009973765239098, 0, 0
]
}
