{
"NodeHandle": 0,
"NodeTypeHY": 0,
"NodeTypeMT": 0,
"NodeStatusFMT": 1,
"NodeStatusCH": 1,
"IterDone": 0,
"TK": 298.15,
"P": 100000,
"Vs": 0.0134072563650617,
"Vi": 0,
"Ms": 1.04987201614405,
"Mi": 0,
"Hs": 0,
"Hi": 0,
"Gs": -5504.58012903507,
"IS": 0.100122965631035,
"pH": 9.74918204139379,
"pe": 10.2774247624227,
"Eh": 0.606782798584088,
"Tm": 0,
"dt": 0,
"Dif": 0,
"Vt": 0,
"vp": 0,
"eps": 0,
"Km": 0,
"Kf": 0,
"S": 0,
"Tr": 0,
"h": 0,
"rho": 0,
"al": 0,
"at": 0,
"av": 0,
"hDl": 0,
"hDt": 0,
"hDv": 0,
"nto": 0,
"bIC": [
0.232413571233674, 0.100000001, 111.481699742186, 0.10012594107282, 1, 56.5553603404475, 0.232413571233674, 0
],
"rMB": [
5.55111512312578e-17, 0, 1.31006316905768e-14, 0, 0, 1.06581410364015e-14, 2.77555756156289e-17, 2.03503230209298e-17
],
"uIC": [
-313.812374209546, -31.846975778778, -46.1129663836245, -131.854672731218, -0.000499087280994881, -3.45504080792965, -340.365898154786, 23.6646451015404
],
"bSP": [
0.232379250716133, 0, 0.464758601432267, 0, 0, 1.0457064782226, 0.232379150716132, 0
],
"xDC": [
3.21879660328632e-16, 1.98343240588662e-12, 1.25644310508875e-08, 3.23301850702907e-05, 1.7980843185545e-20, 1.97776605602034e-06, 1.74338419829792e-18, 2.89232490400078e-06, 0.100123048747916, 1.70699514501897e-05, 
1.53633834053412e-05, 9.41663077279452e-09, 3.10793516904991e-29, 0.100000001, 0.000648959350319623, 0, 1.3117384538297e-06, 7.16512422955031e-05, 2.28233405934935e-10, 55.5084247572214, 
0, 0.49935104064968, 0.000498688261543745, 1.0000000116861e-07, 0.116189575358066, 0, 0
],
"gam": [
0.371334265251906, 0.780619027814892, 0.999993480993073, 0.780619027814892, 0.107640287131012, 0.780619027814892, 0.371334265251906, 0.999993480993073, 0.780619027814892, 0.780619027814892, 
0.999993480993073, 0.371334265251906, 0.780619027814892, 0.780619027814892, 0.999993480993073, 0.999993480993073, 0.999993480993073, 0.780619027814892, 0.780619027814892, 0.999986946307778, 
1, 1, 1, 1, 1, 1, 1
],
"dll": [
0, 0, 0, 0, 0, 0, 0, 0, 0, 0, 
0, 0, 0, 0, 0, 0, 0, 0, 0, 0, 
0, 0, 0, 0, 0, 0, 0
],
"dul": [
1000000, 1000000, 1000000, 1000000, 1000000, 1000000, 1000000, 1000000, 1000000, 1000000, 
1000000, 1000000, 1000000, 1000000, 1000000, 1000000, 1000000, 1000000, 1000000, 1000000, 
1000000, 1000000, 1000000, 1.0000000116861e-07, 1000000, 0, 1000000
],
"aPH": [
0, 0, 0, 0, 0, 0
],
"xPH": [
55.7093393851226, 0.499849728911224, 1.0000000116861e-07, 0.116189575358066, 0, 0
],
"vPS": [
0.00100458348387962, 0.0123911306055527
],
"mPS": [
1.00587197392156, 0.0140044774308589
],
"xPA": [
55.5084247572214, 0
],
"amru": [
1000000, 1000000
],
"amrl": [
0, 0
],
"omPH": [
-2.24913229146729e-10, -7.30208044284867e-11, 0.774555514741506, 3.68793877248347e-08, -1.06760201677548, -2.09960106021372
],
"bPS": [
3.43205175411162e-05, 0.100000001, 111.016941140754, 0.10012594107282, 0.00129791870063925, 55.5086564857018, 3.44205175423241e-05, -2.03503230209298e-17, 
0, 0, 0, 0, 0.998702081299361, 0.00099737652308749, 0, 0
]
}
