{
"NodeHandle": 0,
"NodeTypeHY": 0,
"NodeTypeMT": 0,
"NodeStatusFMT": 1,
"NodeStatusCH": 1,
"IterDone": 0,
"TK": 298.15,
"P": 100000,
"Vs": 0.0134072569458316,
"Vi": 0,
"Ms": 1.04986709634203,
"Mi": 0,
"Hs": 0,
"Hi": 0,
"Gs": -5504.55767281593,
"IS": 0.10000292623892,
"pH": 7.75352527387494,
"pe": 12.2730805252208,
"Eh": 0.724607021748298,
"Tm": 0,
"dt": 0,
"Dif": 0,
"Vt": 0,
"vp": 0,
"eps": 0,
"Km": 0,
"Kf": 0,
"S": 0,
"Tr": 0,
"h": 0,
"rho": 0,
"al": 0,
"at": 0,
"av": 0,
"hDl": 0,
"hDt": 0,
"hDv": 0,
"nto": 0,
"bIC": [
0.232413571233674, 0.100000001, 111.481576738371, 0.100002937257093, 1, 56.5552373366317, 0.232413571233674, 0
],
"rMB": [
2.77555756156289e-17, 0, 4.32986979603811e-15, 0, 0, -1.13242748511766e-14, -2.77555756156289e-17, -1.98869704078815e-17
],
"uIC": [
-311.921975557048, -27.2517211375778, -46.1129640701694, -136.450953205304, -0.000499087188201678, -3.45504080788478, -342.256301476343, 28.259812321264
],
"bSP": [
0.232411305443209, 0, 0.464822710886419, 0, 0, 1.04585072449444, 0.232411205443209, 0
],
"xDC": [
2.08726177175482e-11, 1.3010155794926e-09, 8.32730649988951e-08, 2.16124632846498e-06, 1.15521111825387e-13, 1.99490502387417e-08, 1.70740013652682e-14, 2.9144380179594e-08, 0.100002908112713, 2.59964407150966e-08, 
2.31984481164686e-06, 1.45051015804984e-13, 3.10793518594169e-29, 0.100000001, 0.000648958869517704, 0, 1.31173748582293e-06, 7.23867001074174e-07, 2.26032557849608e-08, 55.5083765712896, 
0, 0.499351041130482, 0.00049868826252357, 1.00000000190521e-07, 0.116205602721605, 0, 0
],
"gam": [
0.371462830022927, 0.780686595964462, 0.999993497547946, 0.780686595964462, 0.107724155219818, 0.780686595964462, 0.371462830022927, 0.999993497547946, 0.780686595964462, 0.780686595964462, 
0.999993497547946, 0.371462830022927, 0.780686595964462, 0.780686595964462, 0.999993497547946, 0.999993497547946, 0.999993497547946, 0.780686595964462, 0.780686595964462, 0.99998697947719, 
1, 1, 1, 1, 1, 1, 1
],
"dll": [
0, 0, 0, 0, 0, 0, 0, 0, 0, 0, 
0, 0, 0, 0, 0, 0, 0, 0, 0, 0, 
0, 0, 0, 0, 0, 0, 0
],
"dul": [
1000000, 1000000, 1000000, 1000000, 1000000, 1000000, 1000000, 1000000, 1000000, 1000000, 
1000000, 1000000, 1000000, 1000000, 1000000, 1000000, 1000000, 1000000, 1000000, 1000000, 
1000000, 1000000, 1000000, 1.0000000116861e-07, 1000000, 0, 1000000
],
"aPH": [
0, 0, 0, 0, 0, 0
],
"xPH": [
55.7090351382558, 0.499849729393006, 1.00000000190521e-07, 0.116205602721605, 0, 0
],
"vPS": [
0.00100458246054801, 0.0123911306174959
],
"mPS": [
1.00586291647412, 0.0140044774443591
],
"xPA": [
55.5083765712896, 0
],
"amru": [
1000000, 1000000
],
"amrl": [
0, 0
],
"omPH": [
3.46328566336567e-12, 7.53679774752847e-12, 1.59554823063428, 4.44757084890319e-10, -1.88859374615505, -2.92059278959329
],
"bPS": [
2.26579046449494e-06, 0.100000001, 111.016754027484, 0.100002937257093, 0.00129791773903541, 55.5083892356123, 2.36579046472571e-06, 1.98869704078815e-17, 
0, 0, 0, 0, 0.998702082260965, 0.00099737652504714, 0, 0
]
}
