{
"NodeHandle": 0,
"NodeTypeHY": 0,
"NodeTypeMT": 0,
"NodeStatusFMT": 1,
"NodeStatusCH": 1,
"IterDone": 0,
"TK": 298.15,
"P": 100000,
"Vs": 0.0134072203101233,
"Vi": 0,
"Ms": 1.05015008723004,
"Mi": 0,
"Hs": 0,
"Hi": 0,
"Gs": -5505.8206115008,
"IS": 0.106941920887463,
"pH": 11.499744867118,
"pe": 8.52691568677361,
"Eh": 0.503432122668382,
"Tm": 0,
"dt": 0,
"Dif": 0,
"Vt": 0,
"vp": 0,
"eps": 0,
"Km": 0,
"Kf": 0,
"S": 0,
"Tr": 0,
"h": 0,
"rho": 0,
"al": 0,
"at": 0,
"av": 0,
"hDl": 0,
"hDt": 0,
"hDv": 0,
"nto": 0,
"bIC": [
0.232413571233674, 0.100000001, 111.488652014757, 0.107078213643698, 1, 56.5623126130183, 0.232413571233674, 0
],
"rMB": [
0, 0, 7.54951656745106e-15, 0, 0, -7.105427357601e-15, 0, 1.46496329543303e-17
],
"uIC": [
-314.108677816851, -35.8824468326887, -46.1130901477465, -127.763207739955, -0.000499086670852008, -3.45504083348836, -340.06934697798, 19.633948990417
],
"bSP": [
0.23094261957965, 0, 0.461885339159302, 0, 0, 1.03924163810842, 0.230942519579649, 0
],
"xDC": [
7.6962473182569e-20, 2.63242981709436e-14, 9.34585260689463e-09, 0.00135912967177469, 7.82082039660629e-26, 0.00011181263637008, 5.60760552014891e-22, 0.000172865715154358, 0.106905347928544, 0.00129767186438794, 
2.06646255639406e-05, 4.0902527702932e-05, 3.10792047775103e-29, 0.100000001, 0.000648986199948694, 0, 1.31179247480655e-06, 0.00405492770470483, 4.07319760396396e-12, 55.5106206004819, 
0, 0.499351013800051, 0.000498688207534456, 1.0000000116861e-07, 0.115471259789825, 0, 0
],
"gam": [
0.364367819629192, 0.776931234762486, 0.999992564741984, 0.776931234762486, 0.103149960847273, 0.776931234762486, 0.364367819629192, 0.999992564741984, 0.776931234762486, 0.776931234762486, 
0.999992564741984, 0.364367819629192, 0.776931234762486, 0.776931234762486, 0.999992564741984, 0.999992564741984, 0.999992564741984, 0.776931234762486, 0.776931234762486, 0.999985110387819, 
1, 1, 1, 1, 1, 1, 1
],
"dll": [
0, 0, 0, 0, 0, 0, 0, 0, 0, 0, 
0, 0, 0, 0, 0, 0, 0, 0, 0, 0, 
0, 0, 0, 0, 0, 0, 0
],
"dul": [
1000000, 1000000, 1000000, 1000000, 1000000, 1000000, 1000000, 1000000, 1000000, 1000000, 
1000000, 1000000, 1000000, 1000000, 1000000, 1000000, 1000000, 1000000, 1000000, 1000000, 
1000000, 1000000, 1000000, 1.0000000116861e-07, 1000000, 0, 1000000
],
"aPH": [
0, 0, 0, 0, 0, 0
],
"xPH": [
55.7252342314985, 0.499849702007586, 1.0000000116861e-07, 0.115471259789825, 0, 0
],
"vPS": [
0.0010046194533433, 0.0123911299386193
],
"mPS": [
1.00633548645607, 0.0140044766769813
],
"xPA": [
55.5106206004819, 0
],
"amru": [
1000000, 1000000
],
"amrl": [
0, 0
],
"omPH": [
1.02464614946532e-10, 4.3426539493033e-10, 0.645711209862943, -2.71848880383629e-08, -0.938811499554245, -1.97081054299248
],
"bPS": [
0.0014709516540237, 0.100000001, 111.026766675598, 0.107078213643698, 0.00129797239989739, 55.5220735984949, 0.00147105165402489, -1.46496329543303e-17, 
0, 0, 0, 0, 0.998702027600103, 0.000997376415068912, 0, 0
]
}
