{
"NodeHandle": 0,
"NodeTypeHY": 0,
"NodeTypeMT": 0,
"NodeStatusFMT": 1,
"NodeStatusCH": 1,
"IterDone": 0,
"TK": 298.15,
"P": 100000,
"Vs": 0.0134072569418527,
"Vi": 0,
"Ms": 1.04986699223243,
"Mi": 0,
"Hs": 0,
"Hi": 0,
"Gs": -5504.5571857577,
"IS": 0.100000619037336,
"pH": 6.73769054752058,
"pe": 13.2889152283794,
"Eh": 0.784582262465713,
"Tm": 0,
"dt": 0,
"Dif": 0,
"Vt": 0,
"vp": 0,
"eps": 0,
"Km": 0,
"Kf": 0,
"S": 0,
"Tr": 0,
"h": 0,
"rho": 0,
"al": 0,
"at": 0,
"av": 0,
"hDl": 0,
"hDt": 0,
"hDv": 0,
"nto": 0,
"bIC": [
0.232413571233674, 0.100000001, 111.481574135445, 0.100000334331614, 1, 56.5552347337063, 0.232413571233674, 0
],
"rMB": [
-5.55111512312578e-17, 0, -1.09356967925578e-14, 0, 0, 3.10862446895044e-15, -2.77555756156289e-17, 7.74233112415753e-18
],
"uIC": [
-310.970216705746, -24.9126735768155, -46.1129640167592, -138.790023108539, -0.000499087196176339, -3.45504080706721, -343.208060439094, 30.5988581705678
],
"bSP": [
0.232412773024183, 0, 0.464825646031397, 0, 0, 1.04585732863428, 0.232412673041152, 0
],
"xDC": [
5.81588606710181e-09, 3.49460510230308e-08, 2.15531801516444e-07, 5.39656630111692e-07, 3.33799454297916e-10, 1.92348629228651e-09, 1.83656653877841e-12, 2.81003234762058e-09, 0.100000331521582, 9.6775663352101e-10, 
8.9529944200414e-07, 5.20571293958831e-16, 3.10793519280612e-29, 0.100000001, 0.000648958831030852, 0, 1.31173740943119e-06, 6.98436024041428e-08, 2.34287000281195e-07, 55.5083739800779, 
0, 0.499351041168969, 0.000498688262594098, 9.99830310061861e-08, 0.116206336520576, 0, 0
],
"gam": [
0.371465303213337, 0.780687895634632, 0.999993497932839, 0.780687895634632, 0.107725768930466, 0.780687895634632, 0.371465303213337, 0.999993497932839, 0.780687895634632, 0.780687895634632, 
0.999993497932839, 0.371465303213337, 0.780687895634632, 0.780687895634632, 0.999993497932839, 0.999993497932839, 0.999993497932839, 0.780687895634632, 0.780687895634632, 0.999986980248362, 
1, 1, 1, 1, 1, 1, 1
],
"dll": [
0, 0, 0, 0, 0, 0, 0, 0, 0, 0, 
0, 0, 0, 0, 0, 0, 0, 0, 0, 0, 
0, 0, 0, 0, 0, 0, 0
],
"dul": [
1000000, 1000000, 1000000, 1000000, 1000000, 1000000, 1000000, 1000000, 1000000, 1000000, 
1000000, 1000000, 1000000, 1000000, 1000000, 1000000, 1000000, 1000000, 1000000, 1000000, 
1000000, 1000000, 1000000, 1.0000000116861e-07, 1000000, 0, 1000000
],
"aPH": [
0, 0, 0, 0, 0, 0
],
"xPH": [
55.7090265845853, 0.499849729431563, 9.99830310061861e-08, 0.116206336520576, 0, 0
],
"vPS": [
0.00100458238271823, 0.0123911306184517
],
"mPS": [
1.00586262292687, 0.0140044774454395
],
"xPA": [
55.5083739800779, 0
],
"amru": [
1000000, 1000000
],
"amrl": [
0, 0
],
"omPH": [
1.14734717641528e-11, 1.32546810277547e-12, 2.00889191765099, -3.80176460580369e-10, -2.30193741021092, -3.33393645364916
],
"bPS": [
7.98209491031392e-07, 0.100000001, 111.016748489414, 0.100000334331614, 0.0012979176620617, 55.5083800285468, 8.98192522017057e-07, -7.74233112415753e-18, 
0, 0, 0, 0, 0.998702082337938, 0.000997376525188196, 0, 0
]
}
