{
"NodeHandle": 0,
"NodeTypeHY": 0,
"NodeTypeMT": 0,
"NodeStatusFMT": 1,
"NodeStatusCH": 1,
"IterDone": 0,
"TK": 298.15,
"P": 100000,
"Vs": 0.0134072631827476,
"Vi": 0,
"Ms": 1.04989600791689,
"Mi": 0,
"Hs": 0,
"Hi": 0,
"Gs": -5504.60944059529,
"IS": 0.101455853548737,
"pH": 4.00097164923911,
"pe": 16.0256395025975,
"Eh": 0.946159433055635,
"Tm": 0,
"dt": 0,
"Dif": 0,
"Vt": 0,
"vp": 0,
"eps": 0,
"Km": 0,
"Kf": 0,
"S": 0,
"Tr": 0,
"h": 0,
"rho": 0,
"al": 0,
"at": 0,
"av": 0,
"hDl": 0,
"hDt": 0,
"hDv": 0,
"nto": 0,
"bIC": [
0.232413571233674, 0.100796168338401, 111.482369969452, 0.100000001, 1, 56.5552344003746, 0.232413571233674, 0
],
"rMB": [
2.77555756156289e-17, 0, 1.66533453693773e-14, 0, 0, 7.99360577730113e-15, -2.77555756156289e-17, 1.4175943405248e-17
],
"uIC": [
-316.495481843994, -18.6042544348266, -46.1129763953108, -145.092618479323, -0.000499088052971575, -3.45504081609177, -337.682770487668, 36.9003987011234
],
"bSP": [
0.232188278374102, 0, 0.464376556748204, 0, 0, 1.04484725268346, 0.232188278374102, 0
],
"xDC": [
6.92495591872768e-06, 7.60020925926075e-08, 8.58919848487802e-10, 3.94739624213578e-12, 0.000217742143973629, 3.53180822888337e-12, 5.48891187945398e-07, 5.14864351500129e-12, 0.100000000994851, 4.45873494281704e-10, 
0.000224743518978735, 4.40790173890118e-19, 3.13266769545494e-29, 0.100796168338401, 0.000648964515069033, 0, 1.31174888204249e-06, 1.28127375027397e-10, 0.000127917796803231, 55.5089290098109, 
0, 0.499351035484931, 0.000498688251120944, 0, 0.116094139187051, 0, 0
],
"gam": [
0.369921043127549, 0.779875204383301, 0.99999340907219, 0.779875204383301, 0.106720760499773, 0.779875204383301, 0.369921043127549, 0.99999340907219, 0.779875204383301, 0.779875204383301, 
0.99999340907219, 0.369921043127549, 0.779875204383301, 0.779875204383301, 0.99999340907219, 0.99999340907219, 0.99999340907219, 0.779875204383301, 0.779875204383301, 0.999986802205922, 
1, 1, 1, 1, 1, 1, 1
],
"dll": [
0, 0, 0, 0, 0, 0, 0, 0, 0, 0, 
0, 0, 0, 0, 0, 0, 0, 0, 0, 0, 
0, 0, 0, 0, 0, 0, 0
],
"dul": [
1000000, 1000000, 1000000, 1000000, 1000000, 1000000, 1000000, 1000000, 1000000, 1000000, 
1000000, 1000000, 1000000, 1000000, 1000000, 1000000, 1000000, 1000000, 1000000, 1000000, 
1000000, 1000000, 1000000, 1.0000000116861e-07, 1000000, 0, 1000000
],
"aPH": [
0, 0, 0, 0, 0, 0
],
"xPH": [
55.7109534101626, 0.499849723736052, 0, 0.116094139187051, 0, 0
],
"vPS": [
0.0010045999136814, 0.0123911304772617
],
"mPS": [
1.00592061148786, 0.0140044772858432
],
"xPA": [
55.5089290098109, 0
],
"amru": [
1000000, 1000000
],
"amrl": [
0, 0
],
"omPH": [
-6.62751891497447e-11, -7.4995534986559e-10, -0.390716377525458, 1.30531859575333e-08, 0.097665513785892, -0.934333529652348
],
"bPS": [
0.000225292859571947, 0.100796168338401, 111.017993412704, 0.100000001, 0.00129792903013807, 55.5093897711889, 0.000225292859571983, -1.4175943405248e-17, 
0, 0, 0, 0, 0.998702070969862, 0.000997376502241889, 0, 0
]
}
