{
"NodeHandle": 0,
"NodeTypeHY": 0,
"NodeTypeMT": 0,
"NodeStatusFMT": 1,
"NodeStatusCH": 1,
"IterDone": 0,
"TK": 298.15,
"P": 100000,
"Vs": 0.0134072549204692,
"Vi": 0,
"Ms": 1.04988270864683,
"Mi": 0,
"Hs": 0,
"Hi": 0,
"Gs": -5504.62848473143,
"IS": 0.100383949188758,
"pH": 10.2505462479835,
"pe": 9.77606264141376,
"Eh": 0.577182201360339,
"Tm": 0,
"dt": 0,
"Dif": 0,
"Vt": 0,
"vp": 0,
"eps": 0,
"Km": 0,
"Kf": 0,
"S": 0,
"Tr": 0,
"h": 0,
"rho": 0,
"al": 0,
"at": 0,
"av": 0,
"hDl": 0,
"hDt": 0,
"hDv": 0,
"nto": 0,
"bIC": [
0.232413571233674, 0.100000001, 111.481967073806, 0.100393272692422, 1, 56.5556276720671, 0.232413571233674, 0
],
"rMB": [
-2.77555756156289e-17, 0, 1.77635683940025e-14, 0, 1.11022302462516e-16, -3.77475828372553e-15, 0, -1.38150369171939e-17
],
"uIC": [
-314.006907963327, -33.0015940365803, -46.1129711858517, -130.69782937023, -0.000499087189063569, -3.4550408084297, -340.17135479493, 22.5102161531124
],
"bSP": [
0.23232287506489, 0, 0.464645850129781, 0, 0, 1.045452787792, 0.232322775064889, 0
],
"xDC": [
2.63276816024026e-17, 5.14581916938907e-13, 1.03470007430507e-08, 8.44137560353471e-05, 4.64486660175976e-22, 6.27206523340593e-06, 1.732295313517e-19, 9.19269563063095e-06, 0.100384079996791, 6.57490721360804e-05, 
1.86597821135648e-05, 1.15249302215412e-07, 3.10793518292797e-29, 0.100000001, 0.000648960453388427, 0, 1.31174068665212e-06, 0.000227413677228233, 7.19314248108185e-11, 55.5085094289061, 
0, 0.499351039546612, 0.000498688259317928, 1.00000001168588e-07, 0.116161387532444, 0, 0
],
"gam": [
0.371055485792219, 0.780472453820868, 0.999993446556734, 0.780472453820868, 0.107458552269859, 0.780472453820868, 0.371055485792219, 0.999993446556734, 0.780472453820868, 0.780472453820868, 
0.999993446556734, 0.371055485792219, 0.780472453820868, 0.780472453820868, 0.999993446556734, 0.999993446556734, 0.999993446556734, 0.780472453820868, 0.780472453820868, 0.999986877310743, 
1, 1, 1, 1, 1, 1, 1
],
"dll": [
0, 0, 0, 0, 0, 0, 0, 0, 0, 0, 
0, 0, 0, 0, 0, 0, 0, 0, 0, 0, 
0, 0, 0, 0, 0, 0, 0
],
"dul": [
1000000, 1000000, 1000000, 1000000, 1000000, 1000000, 1000000, 1000000, 1000000, 1000000, 
1000000, 1000000, 1000000, 1000000, 1000000, 1000000, 1000000, 1000000, 1000000, 1000000, 
1000000, 1000000, 1000000, 1.0000000116861e-07, 1000000, 0, 1000000
],
"aPH": [
0, 0, 0, 0, 0, 0
],
"xPH": [
55.7099556088141, 0.499849727805929, 1.00000001168588e-07, 0.116161387532444, 0, 0
],
"vPS": [
0.00100458486686561, 0.0123911305781528
],
"mPS": [
1.00588994343802, 0.0140044773998869
],
"xPA": [
55.5085094289061, 0
],
"amru": [
1000000, 1000000
],
"amrl": [
0, 0
],
"omPH": [
-1.95844011600758e-10, 6.31673063686471e-12, 0.690064321712464, 3.63334148748469e-08, -0.983112909708781, -2.01511195314702
],
"bPS": [
9.0696168784078e-05, 0.100000001, 111.017321223676, 0.100393272692422, 0.00129792090677685, 55.5091775077564, 9.07961687852665e-05, -2.78183265062495e-17, 
0, 0, 0, 0, 0.998702079093223, 0.000997376518635856, 0, 0
]
}
