{
"NodeHandle": 0,
"NodeTypeHY": 0,
"NodeTypeMT": 0,
"NodeStatusFMT": 1,
"NodeStatusCH": 1,
"IterDone": 0,
"TK": 298.15,
"P": 100000,
"Vs": 0.0134072703449729,
"Vi": 0,
"Ms": 1.04993357150582,
"Mi": 0,
"Hs": 0,
"Hi": 0,
"Gs": -5504.67605853932,
"IS": 0.103410755293479,
"pH": 3.74983132617034,
"pe": 16.2767866901208,
"Eh": 0.96098725197182,
"Tm": 0,
"dt": 0,
"Dif": 0,
"Vt": 0,
"vp": 0,
"eps": 0,
"Km": 0,
"Kf": 0,
"S": 0,
"Tr": 0,
"h": 0,
"rho": 0,
"al": 0,
"at": 0,
"av": 0,
"hDl": 0,
"hDt": 0,
"hDv": 0,
"nto": 0,
"bIC": [
0.232413571233674, 0.101826410005064, 111.483400211119, 0.100000001, 1, 56.5552344003746, 0.232413571233674, 0
],
"rMB": [
-5.55111512312578e-17, 0, -1.6153745008296e-14, -1.38777878078145e-17, 0, 1.3988810110277e-14, 2.77555756156289e-17, 6.01732205729455e-18
],
"uIC": [
-317.362084144688, -18.017184764773, -46.1129922013015, -145.672293510305, -0.000499087157882769, -3.45504082442973, -336.816136577581, 37.4786864724647
],
"bSP": [
0.231877196691067, 0, 0.463754393382134, 0, 0, 1.0434473851098, 0.231877196691067, 0
],
"xDC": [
9.30900680045332e-06, 5.70310392542381e-08, 3.60994839068638e-10, 9.3133685692984e-13, 0.000525252440817243, 1.98310528936897e-12, 1.75570004076644e-06, 2.8828163454034e-12, 0.100000000997117, 5.95956128557848e-10, 
0.000534618244626957, 3.31607891618749e-19, 3.16472398670056e-29, 0.101826410005064, 0.000648974524725959, 0, 1.3117690483269e-06, 7.19398134708195e-11, 0.000228465911583493, 55.5097031430432, 
0, 0.499351025475274, 0.000498688230947829, 0, 0.115938598345533, 0, 0
],
"gam": [
0.36789466995969, 0.778804926195194, 0.999993294744758, 0.778804926195194, 0.105409925337672, 0.778804926195194, 0.36789466995969, 0.999993294744758, 0.778804926195194, 0.778804926195194, 
0.999993294744758, 0.36789466995969, 0.778804926195194, 0.778804926195194, 0.999993294744758, 0.999993294744758, 0.999993294744758, 0.778804926195194, 0.778804926195194, 0.999986573134685, 
1, 1, 1, 1, 1, 1, 1
],
"dll": [
0, 0, 0, 0, 0, 0, 0, 0, 0, 0, 
0, 0, 0, 0, 0, 0, 0, 0, 0, 0, 
0, 0, 0, 0, 0, 0, 0
],
"dul": [
1000000, 1000000, 1000000, 1000000, 1000000, 1000000, 1000000, 1000000, 1000000, 1000000, 
1000000, 1000000, 1000000, 1000000, 1000000, 1000000, 1000000, 1000000, 1000000, 1000000, 
1000000, 1000000, 1000000, 1.0000000116861e-07, 1000000, 0, 1000000
],
"aPH": [
0, 0, 0, 0, 0, 0
],
"xPH": [
55.7134792997087, 0.499849713706222, 0, 0.115938598345533, 0, 0
],
"vPS": [
0.00100462277597051, 0.0123911302286251
],
"mPS": [
1.00599832985675, 0.0140044770047931
],
"xPA": [
55.5097031430432, 0
],
"amru": [
1000000, 1000000
],
"amrl": [
0, 0
],
"omPH": [
1.53219098151224e-10, 1.95078624842016e-11, -0.767097578166769, -2.17858885979424e-08, 0.474039830742536, -0.557959212695704
],
"bPS": [
0.000536374542606998, 0.101826410005064, 111.019645817737, 0.100000001, 0.00129794904945192, 55.5107896388029, 0.000536374542606957, -6.01732205729455e-18, 
0, 0, 0, 0, 0.998702050950548, 0.000997376461895659, 0, 0
]
}
