{
"NodeHandle": 0,
"NodeTypeHY": 0,
"NodeTypeMT": 0,
"NodeStatusFMT": 1,
"NodeStatusCH": 1,
"IterDone": 0,
"TK": 298.15,
"P": 100000,
"Vs": 0.0134071938497407,
"Vi": 0,
"Ms": 1.05037722521524,
"Mi": 0,
"Hs": 0,
"Hi": 0,
"Gs": -5506.82656463713,
"IS": 0.112556822466577,
"pH": 11.7496245985823,
"pe": 8.27707958832059,
"Eh": 0.48868171091534,
"Tm": 0,
"dt": 0,
"Dif": 0,
"Vt": 0,
"vp": 0,
"eps": 0,
"Km": 0,
"Kf": 0,
"S": 0,
"Tr": 0,
"h": 0,
"rho": 0,
"al": 0,
"at": 0,
"av": 0,
"hDl": 0,
"hDt": 0,
"hDv": 0,
"nto": 0,
"bIC": [
0.232413571233674, 0.100000001, 111.494330869064, 0.112757067950746, 1, 56.5679914673254, 0.232413571233674, 0
],
"rMB": [
5.55111512312578e-17, 0, -1.63757896132211e-14, 0, 0, 5.77315972805081e-15, 0, -1.66648686182806e-17
],
"uIC": [
-314.100026940132, -36.4613974091444, -46.113190616468, -127.141188346819, -0.000499087530859129, -3.45504085782653, -340.077796752009, 19.0586801132308
],
"bSP": [
0.229768011998442, 0, 0.459536123996886, 0, 0, 1.03395590399299, 0.229767911998441, 0
],
"xDC": [
2.4924480031408e-20, 1.49910995780666e-14, 9.42604236316184e-09, 0.00244601749073917, 1.45128984012866e-26, 0.000199532318434961, 1.80072446002001e-22, 0.000321997309310113, 0.112435070641435, 0.00229557409930523, 
2.04906011634017e-05, 0.000130062216329099, 3.10793539416981e-29, 0.100000001, 0.000649007470528867, 0, 1.31183559166051e-06, 0.00723382130261232, 2.29944814342711e-12, 55.5124716714639, 
0, 0.499350992529471, 0.000498688164410268, 1.0000000116861e-07, 0.114883955999221, 0, 0
],
"gam": [
0.359089908861191, 0.774101879296402, 0.999991777071433, 0.774101879296402, 0.0998186439675617, 0.774101879296402, 0.359089908861191, 0.999991777071433, 0.774101879296402, 0.774101879296402, 
0.999991777071433, 0.359089908861191, 0.774101879296402, 0.774101879296402, 0.999991777071433, 0.999991777071433, 0.999991777071433, 0.774101879296402, 0.774101879296402, 0.999983531934344, 
1, 1, 1, 1, 1, 1, 1
],
"dll": [
0, 0, 0, 0, 0, 0, 0, 0, 0, 0, 
0, 0, 0, 0, 0, 0, 0, 0, 0, 0, 
0, 0, 0, 0, 0, 0, 0
],
"dul": [
1000000, 1000000, 1000000, 1000000, 1000000, 1000000, 1000000, 1000000, 1000000, 1000000, 
1000000, 1000000, 1000000, 1000000, 1000000, 1000000, 1000000, 1000000, 1000000, 1000000, 
1000000, 1000000, 1000000, 1.0000000116861e-07, 1000000, 0, 1000000
],
"aPH": [
0, 0, 0, 0, 0, 0
],
"xPH": [
55.7382045671777, 0.499849680693881, 1.0000000116861e-07, 0.114883955999221, 0, 0
],
"vPS": [
0.00100465186407998, 0.0123911294102587
],
"mPS": [
1.00671424366925, 0.0140044760797401
],
"xPA": [
55.5124716714639, 0
],
"amru": [
1000000, 1000000
],
"amrl": [
0, 0
],
"omPH": [
-5.18537201018523e-11, -3.33072824677681e-10, 0.649337307134238, 2.12174013517491e-08, -0.942481210920546, -1.97448025435879
],
"bPS": [
0.00264555923523149, 0.100000001, 111.034794745067, 0.112757067950746, 0.00129801494105773, 55.5330381870036, 0.00264565923523269, 1.66648686182806e-17, 
0, 0, 0, 0, 0.998701985058942, 0.000997376328820536, 0, 0
]
}
