{
"NodeHandle": 0,
"NodeTypeHY": 0,
"NodeTypeMT": 0,
"NodeStatusFMT": 1,
"NodeStatusCH": 1,
"IterDone": 0,
"TK": 298.15,
"P": 100000,
"Vs": 0.0134072569276373,
"Vi": 0,
"Ms": 1.04986738018004,
"Mi": 0,
"Hs": 0,
"Hi": 0,
"Gs": -5504.55898649616,
"IS": 0.100009860072329,
"pH": 8.50095141798024,
"pe": 11.5256544471614,
"Eh": 0.680478721336138,
"Tm": 0,
"dt": 0,
"Dif": 0,
"Vt": 0,
"vp": 0,
"eps": 0,
"Km": 0,
"Kf": 0,
"S": 0,
"Tr": 0,
"h": 0,
"rho": 0,
"al": 0,
"at": 0,
"av": 0,
"hDl": 0,
"hDt": 0,
"hDv": 0,
"nto": 0,
"bIC": [
0.232413571233674, 0.100000001, 111.481583834827, 0.100010033713058, 1, 56.5552444330877, 0.232413571233674, 0
],
"rMB": [
8.32667268468867e-17, 0, -6.12843109593086e-14, -5.55111512312578e-17, 0, 3.10862446895044e-15, -1.66533453693773e-16, 4.71069217614639e-17
],
"uIC": [
-312.729256519499, -28.9727383789955, -46.1129642222459, -134.729876526959, -0.000499087171733191, -3.4550408080301, -341.44902021358, 26.5388001722302
],
"bSP": [
0.232408035475365, 0, 0.464816170950731, 0, 0, 1.04583600963914, 0.232407935475364, 0
],
"xDC": [
2.98128524821074e-13, 1.03753589708038e-10, 3.71288870658662e-08, 5.38696057749163e-06, 2.94829958475864e-16, 1.11564791890235e-07, 5.46649909490289e-16, 1.62999238634423e-07, 0.100009870713819, 3.25993207624054e-07, 
5.19819014623818e-06, 1.01641362936939e-11, 3.10793517467151e-29, 0.100000001, 0.000648958944722525, 0, 1.31173763557457e-06, 4.04932105662171e-06, 4.04179095590085e-09, 55.5083815421957, 
0, 0.499351041055278, 0.000498688262362683, 1.0000000116861e-07, 0.116203967737682, 0, 0
],
"gam": [
0.371455397846389, 0.780682690330712, 0.999993496459509, 0.780682690330712, 0.107719305934776, 0.780682690330712, 0.371455397846389, 0.999993496459509, 0.780682690330712, 0.780682690330712, 
0.999993496459509, 0.371455397846389, 0.780682690330712, 0.780682690330712, 0.999993496459509, 0.999993496459509, 0.999993496459509, 0.780682690330712, 0.780682690330712, 0.999986977296396, 
1, 1, 1, 1, 1, 1, 1
],
"dll": [
0, 0, 0, 0, 0, 0, 0, 0, 0, 0, 
0, 0, 0, 0, 0, 0, 0, 0, 0, 0, 
0, 0, 0, 0, 0, 0, 0
],
"dul": [
1000000, 1000000, 1000000, 1000000, 1000000, 1000000, 1000000, 1000000, 1000000, 1000000, 
1000000, 1000000, 1000000, 1000000, 1000000, 1000000, 1000000, 1000000, 1000000, 1000000, 
1000000, 1000000, 1000000, 1.0000000116861e-07, 1000000, 0, 1000000
],
"aPH": [
0, 0, 0, 0, 0, 0
],
"xPH": [
55.7090569609058, 0.49984972931764, 1.0000000116861e-07, 0.116203967737682, 0, 0
],
"vPS": [
0.00100458260664133, 0.0123911306156276
],
"mPS": [
1.00586362240248, 0.0140044774422472
],
"xPA": [
55.5083815421957, 0
],
"amru": [
1000000, 1000000
],
"amrl": [
0, 0
],
"omPH": [
4.45243491869361e-11, 2.1700936008533e-11, 1.24495036569725, -3.45940830928006e-09, -1.53799594924763, -2.56999499268587
],
"bPS": [
5.53575830900745e-06, 0.100000001, 111.016767663876, 0.100010033713058, 0.00129791788944505, 55.5084110469239, 5.63575831043541e-06, -4.71069217614639e-17, 
0, 0, 0, 0, 0.998702082110555, 0.000997376524725367, 0, 0
]
}
