{
"NodeHandle": 0,
"NodeTypeHY": 0,
"NodeTypeMT": 0,
"NodeStatusFMT": 1,
"NodeStatusCH": 1,
"IterDone": 0,
"TK": 298.15,
"P": 100000,
"Vs": 0.0134072569444858,
"Vi": 0,
"Ms": 1.04986701080739,
"Mi": 0,
"Hs": 0,
"Hi": 0,
"Gs": -5504.55727314062,
"IS": 0.100000939804959,
"pH": 6.99988925506727,
"pe": 13.0267165240895,
"Eh": 0.769101958084809,
"Tm": 0,
"dt": 0,
"Dif": 0,
"Vt": 0,
"vp": 0,
"eps": 0,
"Km": 0,
"Kf": 0,
"S": 0,
"Tr": 0,
"h": 0,
"rho": 0,
"al": 0,
"at": 0,
"av": 0,
"hDl": 0,
"hDt": 0,
"hDv": 0,
"nto": 0,
"bIC": [
0.232413571233674, 0.100000001, 111.481574599852, 0.100000798738608, 1, 56.5552351981133, 0.232413571233674, 0
],
"rMB": [
-2.77555756156289e-17, 0, 2.17048601314218e-14, 1.38777878078145e-17, 0, -7.7715611723761e-15, 0, -1.22171003053836e-17
],
"uIC": [
-311.173019361412, -25.5164086460885, -46.1129640242582, -138.186283898759, -0.000499087185936725, -3.45504080692097, -343.005257768651, 29.9951233414119
],
"bSP": [
0.232412568707197, 0, 0.464825237414395, 0, 0, 1.04585640918238, 0.232412468707196, 0
],
"xDC": [
1.42030245839289e-09, 1.55929104608695e-08, 1.76026507376334e-07, 8.05922357267577e-07, 4.45242310260436e-11, 3.51932609844499e-09, 5.49314555629968e-13, 5.14141910816084e-09, 0.100000793597189, 2.16901710444845e-09, 
1.09683758368591e-06, 2.13162995727749e-15, 3.10793518433879e-29, 0.100000001, 0.000648958846923762, 0, 1.31173744013002e-06, 1.27679385317855e-07, 1.28124714700674e-07, 55.5083744609379, 
0, 0.499351041153076, 0.000498688262575117, 1.00000001165571e-07, 0.116206234353598, 0, 0
],
"gam": [
0.371464959363875, 0.780687714941168, 0.999993497879731, 0.780687714941168, 0.107725544574242, 0.780687714941168, 0.371464959363875, 0.999993497879731, 0.780687714941168, 0.780687714941168, 
0.999993497879731, 0.371464959363875, 0.780687714941168, 0.780687714941168, 0.999993497879731, 0.999993497879731, 0.999993497879731, 0.780687714941168, 0.780687714941168, 0.999986980141956, 
1, 1, 1, 1, 1, 1, 1
],
"dll": [
0, 0, 0, 0, 0, 0, 0, 0, 0, 0, 
0, 0, 0, 0, 0, 0, 0, 0, 0, 0, 
0, 0, 0, 0, 0, 0, 0
],
"dul": [
1000000, 1000000, 1000000, 1000000, 1000000, 1000000, 1000000, 1000000, 1000000, 1000000, 
1000000, 1000000, 1000000, 1000000, 1000000, 1000000, 1000000, 1000000, 1000000, 1000000, 
1000000, 1000000, 1000000, 1.0000000116861e-07, 1000000, 0, 1000000
],
"aPH": [
0, 0, 0, 0, 0, 0
],
"xPH": [
55.7090278885981, 0.499849729415651, 1.00000001165571e-07, 0.116206234353598, 0, 0
],
"vPS": [
0.00100458239589447, 0.0123911306180573
],
"mPS": [
1.00586266787642, 0.0140044774449937
],
"xPA": [
55.5083744609379, 0
],
"amru": [
1000000, 1000000
],
"amrl": [
0, 0
],
"omPH": [
8.43545451359296e-12, 1.03373975758349e-11, 1.92081583398309, -6.91229928025946e-13, -2.21386132957832, -3.24586037301655
],
"bPS": [
1.0025264772072e-06, 0.100000001, 111.016749362438, 0.100000798738608, 0.00129791769384752, 55.5083814124057, 1.10252647833499e-06, 1.22171003053836e-17, 
0, 0, 0, 0, 0.998702082306152, 0.000997376525150235, 0, 0
]
}
