{
"NodeHandle": 0,
"NodeTypeHY": 0,
"NodeTypeMT": 0,
"NodeStatusFMT": 1,
"NodeStatusCH": 1,
"IterDone": 1,
"TK": 298.15,
"P": 100000,
"Vs": 0.0134072569550866,
"Vi": 0,
"Ms": 1.04986700980009,
"Mi": 0,
"Hs": 0,
"Hi": 0,
"Gs": -5504.55718247784,
"IS": 0.100001176243241,
"pH": 6.22972810104715,
"pe": 13.7968776777455,
"Eh": 0.814572545413727,
"Tm": 0,
"dt": 0,
"Dif": 0,
"Vt": 0,
"vp": 0,
"eps": 0,
"Km": 0,
"Kf": 0,
"S": 0,
"Tr": 0,
"h": 0,
"rho": 0,
"al": 0,
"at": 0,
"av": 0,
"hDl": 0,
"hDt": 0,
"hDv": 0,
"nto": 0,
"bIC": [
0.232413571233674, 0.100000848481295, 111.481574649595, 0.100000001, 1, 56.5552344003746, 0.232413571233674, 0
],
"rMB": [
2.77555756156289e-17, 0, -1.44884104713583e-14, 0, 0, -1.37667655053519e-14, -2.77555756156289e-17, -1.93224097136467e-17
],
"uIC": [
-310.81179370797, -23.7430387349923, -46.1129640234198, -139.959653587707, -0.000499087188829359, -3.45504080679849, -343.366483424608, 31.7684849367116
],
"bSP": [
0.232412906193421, 0, 0.464825912386843, 0, 0, 1.04585792787039, 0.232412806193421, 0
],
"xDC": [
7.06870428256374e-08, 1.31878976939084e-07, 2.52566805991902e-07, 1.9623591057489e-07, 1.30547551003876e-08, 5.97690471394892e-10, 1.90706851502215e-11, 8.7316447754535e-10, 0.100000000126836, 2.56422721525959e-10, 
7.64167069224916e-07, 4.27856272394815e-17, 3.10795743167887e-29, 0.100000848481295, 0.000648958836507666, 0, 1.31173742066397e-06, 2.16832258642565e-08, 7.54672239813176e-07, 55.508373818225, 
0, 0.499351041163492, 0.000498688262580638, 1.00000000502404e-07, 0.11620640309671, 0, 0
],
"gam": [
0.371464705929847, 0.780687581787769, 0.999993497886162, 0.780687581787769, 0.107725379206659, 0.780687581787769, 0.371464705929847, 0.999993497886162, 0.780687581787769, 0.780687581787769, 
0.999993497886162, 0.371464705929847, 0.780687581787769, 0.780687581787769, 0.999993497886162, 0.999993497886162, 0.999993497886162, 0.780687581787769, 0.780687581787769, 0.99998698015484, 
1, 1, 1, 1, 1, 1, 1
],
"dll": [
0, 0, 0, 0, 0, 0, 0, 0, 0, 0, 
0, 0, 0, 0, 0, 0, 0, 0, 0, 0, 
0, 0, 0, 0, 0, 0, 0
],
"dul": [
1000000, 1000000, 1000000, 1000000, 1000000, 1000000, 1000000, 1000000, 1000000, 1000000, 
1000000, 1000000, 1000000, 1000000, 1000000, 1000000, 1000000, 1000000, 1000000, 1000000, 
1000000, 1000000, 1000000, 1.0000000116861e-07, 1000000, 0, 1000000
],
"aPH": [
0, 0, 0, 0, 0, 0
],
"xPH": [
55.7090271440995, 0.499849729426073, 1.00000000502404e-07, 0.11620640309671, 0, 0
],
"vPS": [
0.00100458238947398, 0.0123911306183156
],
"mPS": [
1.00586262330603, 0.0140044774452857
],
"xPA": [
55.508373818225, 0
],
"amru": [
1000000, 1000000
],
"amrl": [
0, 0
],
"omPH": [
1.14440597764237e-11, 7.93352206726143e-12, 2.0776941429211, -2.49139015558329e-10, -2.37073963824981, -3.40273868168805
],
"bPS": [
6.65040252588447e-07, 0.100000848481295, 111.016748737208, 0.100000001, 0.00129791767301533, 55.5083790959791, 7.65040253102987e-07, 1.02589136560533e-16, 
0, 0, 0, 0, 0.998702082326985, 0.000997376525161276, 0, 0
]
}
