{
"NodeHandle": 0,
"NodeTypeHY": 0,
"NodeTypeMT": 0,
"NodeStatusFMT": 1,
"NodeStatusCH": 1,
"IterDone": 0,
"TK": 298.15,
"P": 100000,
"Vs": 0.0134070291837554,
"Vi": 0,
"Ms": 1.05314342826132,
"Mi": 0,
"Hs": 0,
"Hi": 0,
"Gs": -5518.96342933498,
"IS": 0.183177674931962,
"pH": 12.4991712137782,
"pe": 7.52805066145322,
"Eh": 0.444458777741769,
"Tm": 0,
"dt": 0,
"Dif": 0,
"Vt": 0,
"vp": 0,
"eps": 0,
"Km": 0,
"Kf": 0,
"S": 0,
"Tr": 0,
"h": 0,
"rho": 0,
"al": 0,
"at": 0,
"av": 0,
"hDl": 0,
"hDt": 0,
"hDv": 0,
"nto": 0,
"bIC": [
0.232413571233674, 0.100000001, 111.563490873581, 0.181917072467766, 1, 56.6371514718424, 0.232413571233674, 0
],
"rMB": [
-5.55111512312578e-17, 0, -5.71764857681956e-15, 0, 0, 9.65894031423886e-15, -2.77555756156289e-17, -1.00461163387539e-17
],
"uIC": [
-313.980366947689, -38.2187411478886, -46.1143826378987, -124.983372991103, -0.000499086778040949, -3.45504117272776, -340.195071293339, 17.3339772684176
],
"bSP": [
0.215272151348344, 0, 0.430544402696688, 0, 0, 0.968724531067544, 0.215272051348342, 0
],
"xDC": [
1.01402460421744e-21, 3.11124120915208e-15, 1.06166128139215e-08, 0.0159819792901898, 1.23723578323053e-28, 0.0011594299785247, 6.51534140720669e-24, 0.00278392111924442, 0.179133151348522, 0.011820812577431, 
1.82318414560593e-05, 0.00414304548791986, 3.10793067241457e-29, 0.100000001, 0.000649317039661102, 0, 1.31246045951169e-06, 0.0418848375269625, 4.22900935089965e-13, 55.538228444522, 
0, 0.499350682960339, 0.000498687539542331, 1.0000000116861e-07, 0.107636025674171, 0, 0
],
"gam": [
0.315734509507251, 0.749590061270675, 0.999979450507646, 0.749590061270675, 0.0747284155137541, 0.749590061270675, 0.315734509507251, 0.999979450507646, 0.749590061270675, 0.749590061270675, 
0.999979450507646, 0.315734509507251, 0.749590061270675, 0.749590061270675, 0.999979450507646, 0.999979450507646, 0.999979450507646, 0.749590061270675, 0.749590061270675, 0.999958813331106, 
1, 1, 1, 1, 1, 1, 1
],
"dll": [
0, 0, 0, 0, 0, 0, 0, 0, 0, 0, 
0, 0, 0, 0, 0, 0, 0, 0, 0, 0, 
0, 0, 0, 0, 0, 0, 0
],
"dul": [
1000000, 1000000, 1000000, 1000000, 1000000, 1000000, 1000000, 1000000, 1000000, 1000000, 
1000000, 1000000, 1000000, 1000000, 1000000, 1000000, 1000000, 1000000, 1000000, 1000000, 
1000000, 1000000, 1000000, 1.0000000116861e-07, 1000000, 0, 1000000
],
"aPH": [
0, 0, 0, 0, 0, 0
],
"xPH": [
55.8958044948094, 0.499849370499881, 1.0000000116861e-07, 0.107636025674171, 0, 0
],
"vPS": [
0.00100521489711408, 0.0123911217206389
],
"mPS": [
1.01135158460695, 0.0140044673876614
],
"xPA": [
55.538228444522, 0
],
"amru": [
1000000, 1000000
],
"amrl": [
0, 0
],
"omPH": [
-7.19582119929143e-11, 4.72803006533075e-11, 0.699751506183477, 1.35699296864599e-08, -0.993413170502083, -2.02541221394032
],
"bPS": [
0.0171414198853304, 0.100000001, 111.132946470885, 0.181917072467766, 0.0012986340793222, 55.6674295656958, 0.0171415198853316, 1.00461163387539e-17, 
0, 0, 0, 0, 0.998701365920678, 0.000997375079084661, 0, 0
]
}
