{
"NodeHandle": 0,
"NodeTypeHY": 0,
"NodeTypeMT": 0,
"NodeStatusFMT": 1,
"NodeStatusCH": 1,
"IterDone": 0,
"TK": 298.15,
"P": 100000,
"Vs": 0.0134072570533222,
"Vi": 0,
"Ms": 1.0498672763685,
"Mi": 0,
"Hs": 0,
"Hi": 0,
"Gs": -5504.55768667476,
"IS": 0.1000112492875,
"pH": 5.49934328300414,
"pe": 14.5272625471348,
"Eh": 0.857694726829439,
"Tm": 0,
"dt": 0,
"Dif": 0,
"Vt": 0,
"vp": 0,
"eps": 0,
"Km": 0,
"Kf": 0,
"S": 0,
"Tr": 0,
"h": 0,
"rho": 0,
"al": 0,
"at": 0,
"av": 0,
"hDl": 0,
"hDt": 0,
"hDv": 0,
"nto": 0,
"bIC": [
0.232413571233674, 0.100008159547238, 111.481581960661, 0.100000001, 1, 56.5552344003746, 0.232413571233674, 0
],
"rMB": [
2.77555756156289e-17, 4.16333634234434e-17, -9.88098491916389e-15, 1.38777878078145e-17, 0, -4.21884749357559e-15, 2.77555756156289e-17, -1.82779545622111e-16
],
"uIC": [
-311.783176115792, -22.0611996327713, -46.112964141649, -141.641434217553, -0.000499087194252361, -3.4550408070851, -342.395100778533, 33.4502582526135
],
"bSP": [
0.232411651372349, 0, 0.464823402744695, 0, 0, 1.04585228117557, 0.232411551372351, 0
],
"xDC": [
7.73603267827799e-07, 2.68222577384383e-07, 9.56241772507936e-08, 1.38263587458287e-08, 7.67923002125466e-07, 1.11143378592759e-10, 5.50798522999531e-10, 1.62366702144013e-10, 0.100000000837633, 1.26196899582047e-10, 
2.01907318371479e-06, 3.91360207236752e-18, 3.10818671023571e-29, 0.100008159547238, 0.000648958866625615, 0, 1.3117374798564e-06, 4.03222626799169e-09, 4.05650581397158e-06, 55.5083768136556, 
0, 0.499351041133374, 0.000498688262521612, 9.99999972562563e-08, 0.116205775686176, 0, 0
],
"gam": [
0.371453909169291, 0.780681908486128, 0.999993497039558, 0.780681908486128, 0.107718334522181, 0.780681908486128, 0.371453909169291, 0.999993497039558, 0.780681908486128, 0.780681908486128, 
0.999993497039558, 0.371453909169291, 0.780681908486128, 0.780681908486128, 0.999993497039558, 0.999993497039558, 0.999993497039558, 0.780681908486128, 0.780681908486128, 0.999986978458583, 
1, 1, 1, 1, 1, 1, 1
],
"dll": [
0, 0, 0, 0, 0, 0, 0, 0, 0, 0, 
0, 0, 0, 0, 0, 0, 0, 0, 0, 0, 
0, 0, 0, 0, 0, 0, 0
],
"dul": [
1000000, 1000000, 1000000, 1000000, 1000000, 1000000, 1000000, 1000000, 1000000, 1000000, 
1000000, 1000000, 1000000, 1000000, 1000000, 1000000, 1000000, 1000000, 1000000, 1000000, 
1000000, 1000000, 1000000, 1.0000000116861e-07, 1000000, 0, 1000000
],
"aPH": [
0, 0, 0, 0, 0, 0
],
"xPH": [
55.7090432444057, 0.499849729395896, 9.99999972562563e-08, 0.116205775686176, 0, 0
],
"vPS": [
0.00100458255078461, 0.0123911306175676
],
"mPS": [
1.00586305184788, 0.0140044774444401
],
"xPA": [
55.5083768136556, 0
],
"amru": [
1000000, 1000000
],
"amrl": [
0, 0
],
"omPH": [
7.35473272184633e-12, 2.97948257339947e-12, 1.65582796985006, 1.89199505972596e-10, -1.94887351636815, -2.98087255980639
],
"bPS": [
1.91986132523586e-06, 0.100008159547238, 111.016758557916, 0.100000001, 0.00129791773325123, 55.508384742674, 2.01986132251597e-06, 1.96657333429925e-16, 
0, 0, 0, 0, 0.998702082266749, 0.000997376525043225, 0, 0
]
}
