{
"NodeHandle": 0,
"NodeTypeHY": 0,
"NodeTypeMT": 0,
"NodeStatusFMT": 1,
"NodeStatusCH": 1,
"IterDone": 0,
"TK": 298.15,
"P": 100000,
"Vs": 0.0134072360231491,
"Vi": 0,
"Ms": 1.05002508387864,
"Mi": 0,
"Hs": 0,
"Hi": 0,
"Gs": -5505.26508080948,
"IS": 0.103868694740936,
"pH": 11.2500992760342,
"pe": 8.77653716816488,
"Eh": 0.518169863354075,
"Tm": 0,
"dt": 0,
"Dif": 0,
"Vt": 0,
"vp": 0,
"eps": 0,
"Km": 0,
"Kf": 0,
"S": 0,
"Tr": 0,
"h": 0,
"rho": 0,
"al": 0,
"at": 0,
"av": 0,
"hDl": 0,
"hDt": 0,
"hDv": 0,
"nto": 0,
"bIC": [
0.232413571233674, 0.100000001, 111.485526708262, 0.103952907148336, 1, 56.559187306523, 0.232413571233674, 0
],
"rMB": [
-2.77555756156289e-17, 0, -6.66133814775094e-16, 0, 0, 1.06581410364015e-14, -2.77555756156289e-17, 2.19480773549295e-17
],
"uIC": [
-314.109437083941, -35.3055632221204, -46.1130346331277, -128.364791001926, -0.000499087167280426, -3.45504082286508, -340.068698756466, 20.208723693555
],
"bSP": [
0.231587991235611, 0, 0.463176082471222, 0, 0, 1.04214581056025, 0.231587891235609, 0
],
"xDC": [
2.40701002499186e-19, 4.66310201884825e-14, 9.33872758292706e-09, 0.000762779866742484, 4.30008687826106e-25, 6.27907925466547e-05, 1.75488953001525e-21, 9.47285735674033e-05, 0.103858178574768, 0.000729354984942665, 
2.06768420324663e-05, 1.28573785427283e-05, 3.10793456186592e-29, 0.100000001, 0.000648973798891339, 0, 1.31176755010455e-06, 0.00227753718071888, 7.22136993916922e-12, 55.5096244978527, 
0, 0.499351026201109, 0.000498688232447514, 1.0000000116861e-07, 0.115793945617805, 0, 0
],
"gam": [
0.367427656951163, 0.778557468761408, 0.99999298310868, 0.778557468761408, 0.105109133721139, 0.778557468761408, 0.367427656951163, 0.99999298310868, 0.778557468761408, 0.778557468761408, 
0.99999298310868, 0.367427656951163, 0.778557468761408, 0.778557468761408, 0.99999298310868, 0.99999298310868, 0.99999298310868, 0.778557468761408, 0.778557468761408, 0.999985948709584, 
1, 1, 1, 1, 1, 1, 1
],
"dll": [
0, 0, 0, 0, 0, 0, 0, 0, 0, 0, 
0, 0, 0, 0, 0, 0, 0, 0, 0, 0, 
0, 0, 0, 0, 0, 0, 0
],
"dul": [
1000000, 1000000, 1000000, 1000000, 1000000, 1000000, 1000000, 1000000, 1000000, 1000000, 
1000000, 1000000, 1000000, 1000000, 1000000, 1000000, 1000000, 1000000, 1000000, 1000000, 
1000000, 1000000, 1000000, 1.0000000116861e-07, 1000000, 0, 1000000
],
"aPH": [
0, 0, 0, 0, 0, 0
],
"xPH": [
55.718093697959, 0.499849714433556, 1.0000000116861e-07, 0.115793945617805, 0, 0
],
"vPS": [
0.00100460280272267, 0.0123911302466555
],
"mPS": [
1.006127178027, 0.0140044770251742
],
"xPA": [
55.5096244978527, 0
],
"amru": [
1000000, 1000000
],
"amrl": [
0, 0
],
"omPH": [
6.38269063557599e-12, 1.27091609797598e-11, 0.645453807274779, 1.46441997584119e-10, -0.938529971301002, -1.97052901473924
],
"bPS": [
0.000825579998063353, 0.100000001, 111.022350625791, 0.103952907148336, 0.00129794759778268, 55.5160441194978, 0.000825679998064514, -2.19480773549295e-17, 
0, 0, 0, 0, 0.998702052402217, 0.000997376464895027, 0, 0
]
}
