{
"NodeHandle": 0,
"NodeTypeHY": 0,
"NodeTypeMT": 0,
"NodeStatusFMT": 1,
"NodeStatusCH": 1,
"IterDone": 0,
"TK": 298.15,
"P": 100000,
"Vs": 0.0134072576883143,
"Vi": 0,
"Ms": 1.04986966991894,
"Mi": 0,
"Hs": 0,
"Hi": 0,
"Gs": -5504.56210170019,
"IS": 0.100121882665745,
"pH": 4.75078035442795,
"pe": 15.2758259323615,
"Eh": 0.901890174259636,
"Tm": 0,
"dt": 0,
"Dif": 0,
"Vt": 0,
"vp": 0,
"eps": 0,
"Km": 0,
"Kf": 0,
"S": 0,
"Tr": 0,
"h": 0,
"rho": 0,
"al": 0,
"at": 0,
"av": 0,
"hDl": 0,
"hDt": 0,
"hDv": 0,
"nto": 0,
"bIC": [
0.232413571233674, 0.100073806506827, 111.48164760762, 0.100000001, 1, 56.5552344003746, 0.232413571233674, 0
],
"rMB": [
-2.77555756156289e-17, 0, 2.09277040141842e-14, 0, 0, -1.26565424807268e-14, 0, -1.30104260698261e-18
],
"uIC": [
-313.973212843739, -20.3369929944903, -46.1129651931258, -143.365145569764, -0.000499087516864131, -3.45504080758116, -340.205061952969, 35.1738891481826
],
"bSP": [
0.232395516466024, 0, 0.464791032932049, 0, 0, 1.04577982409711, 0.232395516466024, 0
],
"xDC": [
2.72034445113087e-06, 1.68310741069995e-07, 1.07021050884067e-08, 2.76129890490244e-10, 1.51378085096518e-05, 1.98330071816196e-11, 1.7305879867679e-08, 2.89688355923002e-11, 0.100000000971031, 2.01048177134954e-10, 
1.80372408886179e-05, 1.11340790661985e-18, 3.1102189931206e-29, 0.100073806506827, 0.000648959001499992, 0, 1.31173775195473e-06, 7.19529265948142e-10, 2.27497154042638e-05, 55.5084155378355, 
0, 0.4993510409985, 0.000498688262257864, 0, 0.116197758233012, 0, 0
],
"gam": [
0.371335427280853, 0.780619643507598, 0.99999348951446, 0.780619643507598, 0.107641043881349, 0.780619643507598, 0.371335427280853, 0.99999348951446, 0.780619643507598, 0.780619643507598, 
0.99999348951446, 0.371335427280853, 0.780619643507598, 0.780619643507598, 0.99999348951446, 0.99999348951446, 0.99999348951446, 0.780619643507598, 0.780619643507598, 0.999986963381275, 
1, 1, 1, 1, 1, 1, 1
],
"dll": [
0, 0, 0, 0, 0, 0, 0, 0, 0, 0, 
0, 0, 0, 0, 0, 0, 0, 0, 0, 0, 
0, 0, 0, 0, 0, 0, 0
],
"dul": [
1000000, 1000000, 1000000, 1000000, 1000000, 1000000, 1000000, 1000000, 1000000, 1000000, 
1000000, 1000000, 1000000, 1000000, 1000000, 1000000, 1000000, 1000000, 1000000, 1000000, 
1000000, 1000000, 1000000, 1.0000000116861e-07, 1000000, 0, 1000000
],
"aPH": [
0, 0, 0, 0, 0, 0
],
"xPH": [
55.7091984587261, 0.499849729260758, 0, 0.116197758233012, 0, 0
],
"vPS": [
0.00100458398877618, 0.0123911306142175
],
"mPS": [
1.00586752299207, 0.0140044774406534
],
"xPA": [
55.5084155378355, 0
],
"amru": [
1000000, 1000000
],
"amrl": [
0, 0
],
"omPH": [
5.05756969043887e-11, -2.77387879731545e-10, 0.704705735114866, -6.385779568095e-09, -0.997751741678707, -2.02975078511695
],
"bPS": [
1.80547676497065e-05, 0.100073806506827, 111.016856574688, 0.100000001, 0.00129791800299998, 55.508457199753, 1.80547676496699e-05, 1.30104260698261e-18, 
0, 0, 0, 0, 0.998702081997, 0.000997376524515727, 0, 0
]
}
