{
"Aalp": [
0.0,
0.0,
0.0,
0.0,
0.0,
0.0,
0.0,
0.0,
0.0,
0.0,
0.0,
0.0,
0.0,
0.0,
0.0,
0.0,
0.0,
0.0,
0.0,
0.0,
0.0
],
"B": [
0.29442571790996,
1.78324960377229e-08,
0.01,
1.11026667785195,
0.08722238550453947,
0.17834734579673567,
3.1506604147645323,
1.0130766105641138,
0.0
],
"DLL": [
0.0,
0.0,
0.0,
0.0,
0.0,
0.0,
0.0,
0.0,
0.0,
0.0,
0.0,
0.0,
0.0,
0.0,
0.0,
0.0,
0.0,
0.0,
0.0,
0.0,
0.0,
0.0,
0.0,
0.0,
0.0,
0.0,
0.0,
0.0,
0.0,
0.0,
0.0,
0.0,
0.0,
0.0,
0.0,
0.0,
0.0,
0.0,
0.0,
0.0,
0.0,
0.0,
0.0,
0.0,
0.0,
0.0,
0.0,
0.0,
0.0,
0.0,
0.0,
0.0,
0.0,
0.0,
0.0,
0.0,
0.0,
0.0,
0.0,
0.0
],
"DMc": [
0.6430000066757202,
1.0,
1.0,
0.6430000066757202,
1.0,
1.0
],
"DUL": [
1000000.0,
1000000.0,
1000000.0,
1000000.0,
1000000.0,
1000000.0,
1000000.0,
1000000.0,
1000000.0,
1000000.0,
1000000.0,
1000000.0,
1000000.0,
1000000.0,
1000000.0,
1000000.0,
1000000.0,
1000000.0,
1000000.0,
1000000.0,
1000000.0,
1000000.0,
1000000.0,
1000000.0,
1000000.0,
1000000.0,
1000000.0,
1000000.0,
1000000.0,
1000000.0,
1000000.0,
1000000.0,
1000000.0,
1000000.0,
1000000.0,
1000000.0,
1000000.0,
1000000.0,
1000000.0,
1000000.0,
1000000.0,
1000000.0,
1000000.0,
1000000.0,
1000000.0,
1000000.0,
1000000.0,
1000000.0,
1000000.0,
1000000.0,
1000000.0,
1000000.0,
1000000.0,
1000000.0,
1000000.0,
1000000.0,
1000000.0,
1000000.0,
1000000.0,
1000000.0
],
"FIa": 0,
"FIat": 0,
"ID_key": "Solvus    G  series1     0001 0       500     400     0   ",
"IPxPH": [
0,
1,
0,
2,
1,
2,
0,
1,
0,
2,
1,
2
],
"Lads": 0,
"LsESmo": [
0,
0,
0,
0,
0,
0,
0,
0,
0,
0,
0,
0
],
"LsISmo": [
0,
0,
0,
0,
0,
0,
0,
0,
0,
0,
0,
0
],
"LsKin": [
0,
0,
0,
0,
0,
0,
0,
0,
0,
0,
0,
0,
0,
0,
0,
0,
0,
0,
0,
0,
0,
0,
0,
0,
0,
0,
0,
0,
0,
0,
0,
0,
0,
0,
0,
0,
0,
0,
0,
0,
0,
0,
0,
0,
0,
0,
0,
0,
0,
0,
0,
0,
0,
0,
0,
0,
0,
0,
0,
0,
0,
0,
0,
0,
0,
0,
0,
0,
0,
0,
0,
0,
0,
0,
0,
0,
0,
0,
0,
0,
0,
0,
0,
0,
0,
0,
0,
0,
0,
0,
0,
0,
0,
0,
0,
0,
0,
0,
0,
0,
0,
0,
0,
0,
0,
0,
0,
0,
0,
0,
0,
0,
0,
0,
0,
0,
0,
0,
0,
0,
0,
0,
0,
0,
0,
0
],
"LsMdc2": [
0,
0,
0,
0,
0,
0,
0,
0,
0
],
"LsMdc": [
0,
0,
0,
1,
0,
0,
1,
0,
0
],
"LsMod": [
2,
0,
4,
3,
2,
3,
3,
2,
3
],
"LsPhl": [
0,
0,
0,
0,
0,
0,
0,
0,
0,
0,
0,
0,
0,
0,
0,
0,
0,
0,
0,
0,
0,
0,
0,
0,
0,
0,
0,
0,
0,
0,
0,
0,
0,
0,
0,
0,
0,
0,
0,
0,
0,
0
],
"LsUpt": [
0,
0,
0,
0,
0,
0
],
"PAalp": "+",
"PMc": [
0.029999999329447746,
3.7200000286102295,
1.0,
1.0,
0.0,
0.0,
0.0,
0.0,
3100.0,
0.0,
0.0,
25100.0,
-10.800000190734863,
0.34299999475479126,
40000.0,
0.0,
0.0,
3100.0,
0.0,
0.0,
25100.0,
-10.800000190734863,
0.34299999475479126,
40000.0,
0.0,
0.0
],
"PSOL": 0,
"PSigm": "+",
"PV": 1,
"PfFact": [
1.0,
1.0,
1.0,
1.0,
1.0,
1.0,
1.0,
1.0,
1.0,
1.0,
1.0,
1.0,
1.0,
1.0,
1.0,
1.0,
1.0,
1.0,
1.0,
1.0,
1.0
],
"Pparc": [
500.0,
500.0,
500.0,
500.0,
500.0,
500.0,
500.0,
500.0,
500.0,
500.0,
500.0,
500.0,
500.0,
500.0,
500.0,
500.0,
500.0,
500.0,
500.0,
500.0,
500.0,
500.0,
500.0,
500.0,
500.0,
500.0,
500.0,
500.0,
500.0,
500.0,
500.0,
500.0,
500.0,
500.0,
500.0,
500.0,
500.0,
500.0,
500.0,
500.0,
500.0,
500.0,
500.0,
500.0,
500.0,
500.0,
500.0,
500.0,
500.0,
500.0,
500.0,
500.0,
500.0,
500.0,
500.0,
500.0,
500.0,
500.0,
500.0,
500.0
],
"RLC": [
"B",
"B",
"B",
"B",
"B",
"B",
"B",
"B",
"B",
"B",
"B",
"B",
"B",
"B",
"B",
"B",
"B",
"B",
"B",
"B",
"B",
"B",
"B",
"B",
"B",
"B",
"B",
"B",
"B",
"B",
"B",
"B",
"B",
"B",
"B",
"B",
"B",
"B",
"B",
"B",
"B",
"B",
"B",
"B",
"B",
"B",
"B",
"B",
"B",
"B",
"B",
"B",
"B",
"B",
"B",
"B",
"B",
"B",
"B",
"B"
],
"RSC": [
"M",
"M",
"M",
"M",
"M",
"M",
"M",
"M",
"M",
"M",
"M",
"M",
"M",
"M",
"M",
"M",
"M",
"M",
"M",
"M",
"M",
"M",
"M",
"M",
"M",
"M",
"M",
"M",
"M",
"M",
"M",
"M",
"M",
"M",
"M",
"M",
"M",
"M",
"M",
"M",
"M",
"M",
"M",
"M",
"M",
"M",
"M",
"M",
"M",
"M",
"M",
"M",
"M",
"M",
"M",
"M",
"M",
"M",
"M",
"M"
],
"Sigg": [
0.0,
0.0,
0.0,
0.0,
0.0,
0.0,
0.0,
0.0,
0.0,
0.0,
0.0,
0.0,
0.0,
0.0,
0.0,
0.0,
0.0,
0.0,
0.0,
0.0,
0.0
],
"Sigw": [
0.0,
0.0,
0.0,
0.0,
0.0,
0.0,
0.0,
0.0,
0.0,
0.0,
0.0,
0.0,
0.0,
0.0,
0.0,
0.0,
0.0,
0.0,
0.0,
0.0,
0.0
],
"SorMc": [
0.0,
0.0,
0.0,
0.0,
0.0,
0.0,
0.0,
0.0,
0.0,
0.0,
0.0,
0.0,
0.0,
0.0,
0.0,
0.0,
0.0,
0.0,
0.0,
0.0,
0.0,
0.0,
0.0,
0.0,
0.0,
0.0,
0.0,
0.0,
0.0,
0.0,
0.0,
0.0,
0.0,
0.0,
0.0,
0.0,
0.0,
0.0,
0.0,
0.0,
0.0,
0.0,
0.0,
0.0,
0.0,
0.0,
0.0,
0.0
],
"YOF": [
0.0,
0.0,
0.0,
0.0,
0.0,
0.0,
0.0,
0.0,
0.0,
0.0,
0.0,
0.0,
0.0,
0.0,
0.0,
0.0,
0.0,
0.0,
0.0,
0.0,
0.0
],
"dcMod": [
"HKF",
"HKF",
"HKF",
"HKF",
"HKF",
"HKF",
"HKF",
"HKF",
"HKF",
"HKF",
"HKF",
"HKF",
"HKF",
"HKF",
"HKF",
"HKF",
"HKF",
"HKF",
"HKF",
"HKF",
"HKF",
"HKF",
"HKF",
"HKF",
"HKF",
"HKF",
"HKF",
"HKF",
"HKF",
"HKF",
"HKF",
"HKF",
"HKF",
"HKF",
"HKF",
"HWF",
"CHE",
"CHE",
"CSE",
"CHE",
"CHE",
"CSE",
"CSE",
"CSE",
"CSE",
"CSE",
"CSE",
"CSE",
"CSE",
"CSE",
"CSE",
"CHE",
"CHE",
"CHE",
"CHE",
"CSE",
"CSE",
"CSE",
"CSE",
"CSE"
],
"fDQF": [
0.0,
0.0,
0.0,
0.0,
0.0,
0.0,
0.0,
0.0,
0.0,
0.0,
0.0,
0.0,
0.0,
0.0,
0.0,
0.0,
0.0,
0.0,
0.0,
0.0,
0.0,
0.0,
0.0,
0.0,
0.0,
0.0,
0.0,
0.0,
0.0,
0.0,
0.0,
0.0,
0.0,
0.0,
0.0,
0.0,
0.0,
0.0,
0.0,
0.0,
0.0,
0.0,
0.0,
0.0,
0.0,
0.0,
0.0,
0.0,
0.0,
0.0,
0.0,
0.0,
0.0,
0.0,
0.0,
0.0,
0.0,
0.0,
0.0,
0.0
],
"kMod": [
"NNNNNN",
"NNNNNN",
"NNNNNN",
"NNNNNN",
"NNNNNN",
"NNNNNN",
"NNNNNN",
"NNNNNN",
"NNNNNN",
"NNNNNN",
"NNNNNN",
"NNNNNN",
"NNNNNN",
"NNNNNN",
"NNNNNN",
"NNNNNN",
"NNNNNN",
"NNNNNN",
"NNNNNN",
"NNNNNN",
"NNNNNN"
],
"lnGmf": [
0.0,
0.0,
0.0,
0.0,
0.0,
0.0,
0.0,
0.0,
0.0,
0.0,
0.0,
0.0,
0.0,
0.0,
0.0,
0.0,
0.0,
0.0,
0.0,
0.0,
0.0,
0.0,
0.0,
0.0,
0.0,
0.0,
0.0,
0.0,
0.0,
0.0,
0.0,
0.0,
0.0,
0.0,
0.0,
0.0,
6.907755278982137,
6.907755278982137,
0.0,
0.0,
0.0,
6.907755278982137,
0.0,
0.0,
0.0,
0.0,
0.0,
0.0,
0.0,
0.0,
0.0,
0.0,
0.0,
0.0,
0.0,
0.0,
0.0,
0.0,
0.0,
0.0
],
"mui": [
0,
1,
2,
3,
4,
5,
6,
7,
8
],
"muj": [
0,
1,
2,
3,
4,
5,
6,
7,
8,
9,
10,
11,
12,
13,
14,
15,
16,
17,
18,
19,
20,
21,
22,
23,
24,
25,
26,
27,
28,
29,
30,
31,
32,
33,
34,
35,
36,
37,
38,
39,
40,
41,
42,
43,
44,
46,
48,
49,
50,
51,
52,
53,
54,
56,
57,
58,
59,
60,
61,
62
],
"muk": [
0,
1,
2,
3,
4,
5,
7,
9,
10,
11,
12,
13,
14,
15,
17,
18,
19,
20,
21,
22,
23
],
"pKin": 1,
"pa_AG": 1.0,
"pa_DB": 1e-17,
"pa_DF": 0.01,
"pa_DFM": 0.01,
"pa_DFYaq": 1e-05,
"pa_DFYc": 1e-05,
"pa_DFYh": 1e-05,
"pa_DFYid": 1e-05,
"pa_DFYr": 1e-05,
"pa_DFYs": 1e-06,
"pa_DFYw": 1e-05,
"pa_DG": 1000.0,
"pa_DGC": 0.0,
"pa_DHB": 1e-13,
"pa_DK": 4e-05,
"pa_DKIN": 1e-10,
"pa_DNS": 12.05,
"pa_DP": 130,
"pa_DS": 1e-20,
"pa_DT": 0,
"pa_DW": 1,
"pa_DcMin": 1e-33,
"pa_EPS": 1e-10,
"pa_GAH": 1000.0,
"pa_GAR": 1.0,
"pa_GAS": 0.001,
"pa_ICmin": 1e-05,
"pa_IEPS": 0.001,
"pa_IIM": 7000,
"pa_PC": 2,
"pa_PD": 2,
"pa_PE": 1,
"pa_PLLG": 13000,
"pa_PRD": -5,
"pa_PSM": 1,
"pa_PhMin": 1e-20,
"pa_ScMin": 1e-13,
"pa_XwMin": 1e-13,
"sMod": [
"HNNSNNNN",
"VNNSNNNN",
"VNNSNNNN"
],
"tMin": 0
}
