{
"Eh": -0.38382609822044256,
"Gs": -247.8942352842914,
"Hi": 0.0,
"Hs": 0.0,
"IS": 0.14460194555868433,
"IterDone": 85,
"Mi": 0.0,
"Ms": 0.09578952898614501,
"NodeHandle": 0,
"NodeStatusCH": 1,
"NodeStatusFMT": -1,
"NodeTypeHY": 0,
"NodeTypeMT": 0,
"P": 50000000.0,
"TK": 673.15,
"Tm": 0.0,
"Vi": 0.0,
"Vs": 4.938696470662017e-05,
"aPH": [
0.0,
0.0,
0.0,
0.0,
0.0,
0.0,
0.0,
0.0,
0.0,
0.0,
0.0,
0.0,
0.0,
0.0,
0.0,
0.0,
0.0,
0.0,
0.0,
0.0,
0.0
],
"amrl": [
0.0,
0.0,
0.0
],
"amru": [
1000000.0,
1000000.0,
1000000.0
],
"bIC": [
0.29442571790996,
1.78324960377229e-08,
0.01,
1.11026667785195,
0.08722238550453947,
0.17834734579673567,
3.1506604147645323,
1.0130766105641138,
0.0
],
"bPS": [
3.75399993922572e-07,
2.549748725170744e-11,
0.01,
1.1102666778519499,
0.0008327035359693562,
0.00916288835898051,
0.5554688337491963,
0.00019337069400063346,
-5.187129183822849e-17,
0.09317444723074103,
3.7764719498171783e-11,
0.0,
0.0,
0.08249727429857469,
0.010677172856636911,
0.7453955775438106,
0.27952334154116426,
0.0,
0.16239972778958126,
1.7769233779212677e-08,
0.0,
0.0,
0.0038924076699954273,
0.15850728458111826,
1.2991976801627798,
0.4871991122918086,
0.0
],
"bSP": [
0.2944253425099661,
1.780699849871085e-08,
0.0,
0.0,
0.08638968196857011,
0.16918445743775518,
2.5951915810153374,
1.0128832398701133,
0.0
],
"dll": [
0.0,
0.0,
0.0,
0.0,
0.0,
0.0,
0.0,
0.0,
0.0,
0.0,
0.0,
0.0,
0.0,
0.0,
0.0,
0.0,
0.0,
0.0,
0.0,
0.0,
0.0,
0.0,
0.0,
0.0,
0.0,
0.0,
0.0,
0.0,
0.0,
0.0,
0.0,
0.0,
0.0,
0.0,
0.0,
0.0,
0.0,
0.0,
0.0,
0.0,
0.0,
0.0,
0.0,
0.0,
0.0,
0.0,
0.0,
0.0,
0.0,
0.0,
0.0,
0.0,
0.0,
0.0,
0.0,
0.0,
0.0,
0.0,
0.0,
0.0
],
"dt": 0.0,
"dul": [
1000000.0,
1000000.0,
1000000.0,
1000000.0,
1000000.0,
1000000.0,
1000000.0,
1000000.0,
1000000.0,
1000000.0,
1000000.0,
1000000.0,
1000000.0,
1000000.0,
1000000.0,
1000000.0,
1000000.0,
1000000.0,
1000000.0,
1000000.0,
1000000.0,
1000000.0,
1000000.0,
1000000.0,
1000000.0,
1000000.0,
1000000.0,
1000000.0,
1000000.0,
1000000.0,
1000000.0,
1000000.0,
1000000.0,
1000000.0,
1000000.0,
1000000.0,
1000000.0,
1000000.0,
1000000.0,
1000000.0,
1000000.0,
1000000.0,
1000000.0,
1000000.0,
1000000.0,
1000000.0,
1000000.0,
1000000.0,
1000000.0,
1000000.0,
1000000.0,
1000000.0,
1000000.0,
1000000.0,
1000000.0,
1000000.0,
1000000.0,
1000000.0,
1000000.0,
1000000.0
],
"gam": [
0.36586603367903026,
1.0098210047263145,
0.36586603367903026,
0.00010862846198637706,
0.017400237221215042,
0.017400237221215042,
0.36586603367903026,
1.0098210047263145,
0.36586603367903026,
0.36586603367903026,
0.36586603367903026,
1.0098210047263145,
1.0098210047263145,
1.0098210047263145,
0.36586603367903026,
1.0098210047263145,
1.0098210047263145,
1.0098210047263145,
1.0098210047263145,
0.36586603367903026,
1.0098210047263145,
0.36586603367903026,
1.0098210047263145,
0.36586603367903026,
1.0098210047263145,
0.36586603367903026,
0.36586603367903026,
0.36586603367903026,
1.0098210047263145,
1.0098210047263145,
1.0098210047263145,
1.0098210047263145,
0.36586603367903026,
0.36586603367903026,
0.36586603367903026,
1.000834263665345,
8.546366387997123,
585.1401844851734,
1.0233776980482132,
1.0034124283499313,
2.1675547097250214,
37.80476803836095,
1.0,
1.0,
1.0,
1.0,
1.0,
1.0,
1.0,
1.0,
1.0,
1.0,
1.0,
1.0,
1.0,
1.0,
1.0,
1.0,
1.0,
1.0
],
"mPS": [
0.010609442669808013,
0.025761390843877952,
0.042647640849348745
],
"omPH": [
3.5222041415026635e-10,
3.084132554404129e-07,
-1.768850472114955e-07,
-0.7190521394077912,
2.1201256179946265e-09,
-0.4487682572543826,
-0.12906725656792675,
-1.6730326124505994,
-1.5021107542940124,
-2.294156395160253,
-0.9595957961839242,
-0.12090323484960468,
-1.350386940361916,
-1.5196150342307873,
1.0551131114363105e-10,
-0.08763455840485918,
-3.5906717133598343,
-2.5215709130570017,
-1.28069500386398,
-0.09906349938568101,
-8.72425774391345
],
"pH": 5.147329188026194,
"pe": -2.879443161548743,
"rMB": [
5.551115123125783e-17,
0.0,
3.7269449679189215e-20,
4.440892098500626e-16,
-2.0383000842727483e-17,
0.0,
-1.4432899320127035e-15,
-1.6653345369377348e-16,
4.642799342137634e-20
],
"uIC": [
-86.37348057345935,
-108.98195869316862,
-30.514554281061518,
-5.222000566034383,
-55.13216887784777,
-48.19200827232936,
-38.82008932273697,
-79.60711453780206,
-6.630162913695289
],
"vPS": [
1.6512973541170514e-05,
1.0126378042481323e-05,
1.6486999190299088e-05
],
"xDC": [
7.193913652451475e-12,
2.4343210708144097e-09,
3.9990339122913747e-08,
1.8456754898446414e-20,
2.9960611133031177e-16,
3.2584458585401356e-14,
7.785346063955676e-12,
1.7677337765200766e-11,
5.176034144899907e-17,
2.218963965598596e-15,
0.0003078616478893395,
1.1550764415157349e-07,
0.0005247238519490593,
2.5284868058773875e-09,
0.0011379554630280382,
2.1746049536401176e-07,
0.00802469845599257,
1.0606617305249626e-08,
6.372847233100882e-09,
1.4053603243261535e-09,
0.00019335868202300388,
8.248779446279898e-28,
4.03574051545726e-24,
0.0,
0.0,
0.0,
0.0,
0.001445968252868244,
4.609396050105254e-06,
4.960563774326294e-05,
7.93689462721313e-32,
1.0354277072608065e-25,
2.676980961285821e-32,
2.168609620215131e-09,
1.9469121263527236e-07,
0.555080801143294,
0.010677172856636911,
3.7764719498171783e-11,
0.08249727429857469,
0.15850728458111826,
1.7769233779212677e-08,
0.0038924076699954273,
0.0,
0.019425583744821912,
0.0,
0.0,
0.0,
0.0,
0.0,
0.0,
0.0,
0.0,
0.0,
0.22673520229231853,
0.0,
0.0,
0.0,
0.0,
0.0,
0.0
],
"xPA": [
0.555080801143294,
0.0,
0.0
],
"xPH": [
0.566770175729463,
0.09317444719297632,
0.16239971002034748,
0.0,
0.019425583744821912,
0.0,
0.0,
0.0,
0.0,
0.0,
0.0,
0.0,
0.0,
0.0,
0.22673520229231853,
0.0,
0.0,
0.0,
0.0,
0.0,
0.0
]
}
